Metal;Strain;Local;Species;EC05n;SE_EC05n;95L_EC05n;95H_EC05n;EC50n;SE_EC50n;95L_EC50n;95H_EC50n;EC95n;SE_EC95n;95L_EC95n;95H_EC95n;EC05a;SE_EC05a;95L_EC05a;95H_EC05a;EC50a;SE_EC50a;95L_EC50a;95H_EC50a;EC95a;SE_EC95a;95L_EC95a;95H_EC95a;Respons_Range
Ag;RO5;Ore;SM;67.2069;9.3285;47.8072;86.6066;183.5076;6.6809;169.614;197.4012;322.77;37.003;245.819;399.721;0.016915166;0.002347871;0.012032496;0.021797837;0.046013602;0.001675202;0.042529852;0.049497351;0.080857054;0.009269615;0.061580073;0.100134035;4.802631873
Cd;RO5;Ore;SM;6.16089;0.41957;5.28834;7.03344;13.28483;0.57245;12.09435;14.47531;52.1165;8.7366;33.9476;70.2853;4.291545551;0.29226358;3.683745692;4.89934541;9.106616597;0.392408685;8.290554598;9.922678596;35.35294235;5.926424763;23.02816854;47.67764833;8.459248583
Co;RO5;Ore;SM;12.1662;2.2074;7.5757;16.7567;59.6279;4.4131;50.4504;68.8055;292.244;61.801;163.722;420.765;7.81738826;1.418364226;4.867763824;10.7670127;37.82742117;2.799632259;32.00529499;43.64961079;184.9105812;39.10314268;103.5912805;266.2292492;24.02097615
Cu;RO5;Ore;SM;2.37015;0.40602;1.52577;3.21452;2.715104;0.081386;2.545854;2.884355;2.93063;0.18292;2.55022;3.31103;8.807196375;1.508722179;5.669580412;11.94477518;9.89121432;0.296491909;9.274630932;10.50780135;10.56850478;0.659650278;9.196661553;11.94031193;1.236474485
Ni;RO5;Ore;SM;0.23626;0.1955;-0.17031;0.64283;6.0808;1.0499;3.8974;8.2642;156.508;114.834;-82.302;395.317;0.318946352;0.263921154;-0.229915149;0.867807853;3.44694416;0.595143184;2.209268545;4.684619775;83.9555816;61.60039907;-44.14925931;212.0598861;662.4396851
Pb;RO5;Ore;SM;77.0901;37.7918;-1.5023;155.6825;89.4028;1.8578;85.5393;93.2663;97.169;29.795;35.208;159.131;41.45112152;20.32054044;-0.80778232;83.71002536;48.04087856;0.998294731;45.96481456;50.11694256;52.1973488;16.00531041;18.91307162;85.48216316;1.260460163
Zn;RO5;Ore;SM;7.72785;0.45341;6.78494;8.67076;12.50367;0.27241;11.93716;13.07018;20.231;1.1824;17.772;22.6899;5.968546955;0.350187811;5.240297492;6.696796418;7.861204421;0.171267372;7.50503292;8.217375922;10.9235453;0.638426176;9.595830511;12.25120609;2.617933837
Ag;SM_GP2-4_10;GP;SM;37.9527;4.7477;28.0794;47.826;150.5964;5.2004;139.7817;161.4112;326.822;26.275;272.181;381.463;0.009595766;0.001200384;0.007099451;0.01209208;0.037779219;0.001304593;0.0350662;0.040492264;0.081870864;0.006582045;0.068182967;0.095558761;8.611297747
Cd;SM_GP2-4_10;GP;SM;5.70302;0.36596;4.95078;6.45526;11.84923;0.48029;10.86199;12.83648;43.5133;6.4937;30.1653;56.8613;3.982071218;0.25552756;3.456827881;4.507314555;8.136294557;0.329791971;7.45840448;8.814191501;29.53803947;4.408104348;20.47704546;38.59903348;7.629869788
Co;SM_GP2-4_10;GP;SM;5.11783;0.89399;3.25868;6.97699;32.514;1.978;28.401;36.628;206.57;32.488;139.008;274.132;3.360703909;0.587052655;2.139863695;4.58155069;20.6833022;1.258275566;18.06687783;23.3003627;130.738911;20.56177441;87.97867328;173.4991487;40.36281002
Cu;SM_GP2-4_10;GP;SM;1.854304;0.076336;1.695555;2.013053;2.444839;0.035042;2.371965;2.517713;2.85594;0.069735;2.710919;3.000962;7.18615032;0.295831736;6.570936106;7.801364534;9.041906558;0.1295981;8.772391919;9.311421196;10.33379145;0.25232566;9.809054666;10.85853185;1.540168171
Ni;SM_GP2-4_10;GP;SM;5.54721;0.56718;4.34484;6.74959;15.47706;0.57479;14.25857;16.69555;43.1819;4.4737;33.698;52.6658;3.161366792;0.32323709;2.476133569;3.846605715;8.475822512;0.31477671;7.808531374;9.14311365;23.30345288;2.414267486;18.18539145;28.42151431;7.784435779
Pb;SM_GP2-4_10;GP;SM;54.3439;1.7295;50.6775;58.0103;88.54501;0.85017;86.74274;90.34728;116.5067;2.0948;112.0659;120.9474;29.27735528;0.931754732;27.30211067;31.25259989;47.58178935;0.456859284;46.61329625;48.55028246;62.54688584;1.124598126;60.1628323;64.9308857;2.143878154
Zn;SM_GP2-4_10;GP;SM;7.886;0.2798;7.3041;8.4679;11.48036;0.14186;11.18535;11.77537;16.71298;0.53388;15.60271;17.82325;6.0312218;0.213991359;5.586184016;6.476259584;7.455666668;0.092127849;7.264078928;7.647254408;9.529353974;0.304406007;8.896303744;10.1624042;2.119322851
Ag;SM_GP2-4_13;GP;SM;40.7491;5.1094;29.9177;51.5805;123.1733;4.0044;114.6844;131.6622;229.393;12.342;203.229;255.557;0.010295425;0.001290911;0.007558828;0.013032022;0.03091796;0.001005152;0.028787145;0.033048774;0.057494129;0.003093349;0.05093649;0.064051767;5.629400404
Cd;SM_GP2-4_13;GP;SM;5.92218;0.34206;5.21906;6.62529;12.43053;0.40478;11.5985;13.26257;46.4825;5.9184;34.317;58.648;4.130201462;0.238556868;3.639836892;4.620559058;8.529195227;0.277739376;7.958298708;9.100098607;31.54492175;4.016467808;23.2889169;39.8009266;7.84888335
Co;SM_GP2-4_13;GP;SM;9.19123;0.87517;7.3712;11.01125;28.8546;1.3865;25.9712;31.7381;90.585;10.096;69.59;111.58;5.936314729;0.565243668;4.760816902;7.111806098;18.36946358;0.882675943;16.53382866;20.20516216;57.4015955;6.39759903;44.09755512;70.70563588;9.855590601
Cu;SM_GP2-4_13;GP;SM;2.256783;0.057175;2.137882;2.375684;2.87723;0.02309;2.82922;2.92525;3.298187;0.058446;3.176642;3.419732;8.450940578;0.214102343;8.005693832;8.896187323;10.40069528;0.083466408;10.22714732;10.57427938;11.72355265;0.207748911;11.29151553;12.15558977;1.461455089
Ni;SM_GP2-4_13;GP;SM;2.76355;0.26556;2.20058;3.32651;9.18166;0.33876;8.46351;9.8998;30.5053;2.8822;24.3953;36.6153;1.67155196;0.160625767;1.331035737;2.012062134;5.106524432;0.188406695;4.707114029;5.505929273;16.51893656;1.560741214;13.21030815;19.82756497;11.03844693
Pb;SM_GP2-4_13;GP;SM;55.701;15.822;22.798;88.604;81.2276;5.5603;69.6642;92.7909;100.418;10.033;79.553;121.283;30.0036752;8.522614478;12.2802784;47.727072;43.66551152;2.989049827;37.44937592;49.88159336;53.9362136;5.388894731;42.72926767;65.14315953;1.802804258
Zn;SM_GP2-4_13;GP;SM;8.14944;0.21108;7.71047;8.58842;11.886;0.10775;11.66193;12.11007;17.3358;0.4249;16.4522;18.2194;6.135623072;0.158919793;5.805127423;6.46612625;7.6164218;0.069045049;7.472840138;7.760003462;9.77617754;0.239613853;9.277889;10.27446608;2.127238191
Ag;SM_GP2-4_19;GP;SM;17.9518;2.8266;12.0735;23.83;102.7839;4.4653;93.4979;112.0699;274.122;23.932;224.354;323.891;0.00459154;0.000722961;0.003088045;0.00609501;0.025816532;0.001121562;0.02348414;0.028148923;0.068685324;0.005996517;0.056215215;0.081155684;15.26988937
Cd;SM_GP2-4_19;GP;SM;4.41112;0.30961;3.76725;5.055;10.93295;0.42226;10.05483;11.81108;54.9456;8.8027;36.6394;73.2517;3.108876008;0.218207417;2.655088309;3.562670755;7.516980905;0.290326065;6.913226998;8.120741687;37.26513104;5.970155372;24.84952466;49.6806696;12.45615626
Co;SM_GP2-4_19;GP;SM;5.15371;0.53719;4.03657;6.27086;19.34947;0.70159;17.89042;20.80851;72.647;8.7946;54.3576;90.9364;3.383390833;0.352663173;2.649992711;4.11679552;12.35936988;0.448136839;11.42740954;13.29132383;46.0593981;5.575921683;34.46361637;57.65517983;14.09605896
Cu;SM_GP2-4_19;GP;SM;1.704864;0.037586;1.6267;1.783028;2.222124;0.012025;2.197117;2.247132;2.579061;0.029813;2.517061;2.641061;6.71653512;0.148074972;6.4085978;7.02447244;8.34202467;0.045142776;8.248146466;8.435906628;9.463699193;0.109396894;9.236194163;9.691204222;1.512766414
Ni;SM_GP2-4_19;GP;SM;7.04151;0.52232;5.95528;8.12773;17.2366;0.43812;16.32547;18.14772;42.1927;2.8912;36.1801;48.2053;3.961116152;0.293824789;3.350070624;4.572156055;9.41752832;0.23937479;8.919715957;9.915335219;22.77403304;1.560561053;19.52865763;26.01940845;5.991996035
Pb;SM_GP2-4_19;GP;SM;42.7586;2.9661;36.4707;49.0466;81.1143;1.5532;77.8216;84.4069;116.2574;4.2964;107.1495;125.3654;23.07690272;1.600810157;19.6833104;26.47054901;43.60487336;0.834958685;41.8348061;45.37488686;62.41346048;2.306547296;57.52383146;67.30314318;2.71892438
Zn;SM_GP2-4_19;GP;SM;6.50677;0.22439;6.04013;6.97341;9.43566;0.11468;9.19717;9.67415;13.68293;0.41217;12.82577;14.54009;5.484632951;0.18914097;5.091296607;5.877969295;6.645352058;0.080766896;6.477388183;6.813315933;8.328545159;0.250880218;7.806807799;8.850282519;2.102875928
Ag;SM_GP2-4_20;GP;SM;59.4553;4.6809;49.7208;69.1897;87.7938;0.99483;85.72495;89.86266;109.3009;4.7909;99.3378;119.264;0.014975716;0.001179034;0.012523771;0.017427636;0.022066009;0.00025004;0.021546026;0.022585994;0.027447085;0.001203066;0.024945202;0.029948968;1.838371011
Cd;SM_GP2-4_20;GP;SM;4.22576;0.22738;3.75289;4.69863;10.46467;0.29129;9.85889;11.07045;52.513;6.0488;39.9338;65.0923;2.983591184;0.16054129;2.649722066;3.317460302;7.200470453;0.200429162;6.783648805;7.617292101;35.6209367;4.103058708;27.08813745;44.15380378;12.42687706
Co;SM_GP2-4_20;GP;SM;8.09029;0.55236;6.9416;9.23898;31.10124;0.90708;29.21486;32.98762;119.5615;8.3872;102.1194;137.0037;5.240190367;0.35777105;4.496168302;5.984212432;19.79001405;0.577183609;18.58969256;20.99033554;75.72343645;5.311974224;64.6766049;86.77033134;14.77839484
Cu;SM_GP2-4_20;GP;SM;2.018761;0.027928;1.960681;2.07684;2.436571;0.013665;2.408154;2.464989;2.70835;0.036512;2.632419;2.784282;7.702956443;0.106564456;7.481341447;7.924567622;9.015924368;0.05056393;8.910774334;9.121078101;9.869989875;0.133060007;9.593275934;10.14670746;1.341590213
Ni;SM_GP2-4_20;GP;SM;4.4445;0.22871;3.96887;4.92013;10.40671;0.20524;9.97989;10.83354;24.3671;1.3962;21.4635;27.2708;2.5711964;0.13231147;2.296038757;2.846354043;5.762171192;0.113640912;5.525841948;5.998505973;13.23377192;0.758276215;11.65682677;14.81077138;5.482528968
Pb;SM_GP2-4_20;GP;SM;41.7655;1.8855;37.7684;45.7626;86.0046;1.0924;83.6888;88.3204;129.0849;3.5028;121.6593;136.5105;22.5453956;1.017809996;20.38772478;24.70306642;46.22216192;0.587097547;44.97756242;47.46676142;69.27873848;1.879922169;65.29348381;73.26399315;3.090706444
Zn;SM_GP2-4_20;GP;SM;6.77864;0.18636;6.39107;7.1662;9.666561;0.095159;9.468667;9.864455;13.78484;0.33593;13.08622;14.48345;5.592375032;0.153746918;5.272629952;5.912111862;6.736858124;0.066318589;6.598941051;6.874775198;8.368932092;0.203946898;7.944791998;8.793066115;2.033570156
Ag;SM_GP2-4_16;GP;SM;1.8028;2.2145;-2.8917;6.4974;24.3947;8.5581;6.2522;42.5371;105.511;17.855;67.659;143.363;0.000551061;0.000676905;-0.000883904;0.001986056;0.006203554;0.002176318;0.00158993;0.010817153;0.026498852;0.004484243;0.016992407;0.036005298;58.5261815
Cd;SM_GP2-4_16;GP;SM;9.1057;3.1159;2.6258;15.5857;11.0111;1.0391;8.8502;13.172;15.43877;7.30012;0.25735;30.6202;6.28194263;2.149632103;1.811516408;10.75243784;7.56980249;0.714350225;6.084248258;9.055356722;10.56246464;4.994391353;0.176066505;20.94886962;1.695506112
Co;SM_GP2-4_16;GP;SM;7.1351;1.8946;3.1951;11.0751;27.9582;3.6109;20.4489;35.4674;109.551;35.286;36.17;182.933;4.63622373;1.231067466;2.076102429;7.196345031;17.80266986;2.299277514;13.02104627;22.58422978;69.3937973;22.35150324;22.91146268;115.8767654;15.35381424
Cu;SM_GP2-4_16;GP;SM;1.77864;0.18524;1.39341;2.16387;2.479853;0.067014;2.34049;2.619216;2.9893;0.1797;2.6156;3.363;6.9483762;0.723652458;5.443449423;8.453302977;9.151938053;0.247316263;8.637616622;9.666259483;10.75287525;0.646402731;9.408630952;12.09711955;1.680666127
Ni;SM_GP2-4_16;GP;SM;13.5816;9.9174;-7.0427;34.2059;13.6947;10;-7.1014;34.4909;13.8088;10.0833;-7.1606;34.7782;7.46137232;5.44835762;-3.869073367;18.79181801;7.52190344;5.492565328;-3.900490342;18.94435215;7.58296976;5.537147253;-3.932174647;19.09811417;1.016728515
Pb;SM_GP2-4_16;GP;SM;96.941;88.213;-86.507;280.39;130.252;73.593;-22.793;283.297;153.7783;76.6535;-5.6313;313.188;52.0753232;47.38676603;-46.47032715;150.6215107;69.9033704;39.49573702;-12.23249947;152.0392403;82.49464616;41.12090821;-3.020921033;168.010267;1.586308167
Zn;SM_GP2-4_16;GP;SM;11.4596;3.9505;3.2441;19.6752;13.0933;0.57833;11.89059;14.29601;14.9599;3.9301;6.7868;23.1329;7.44743948;2.567376668;2.108296836;12.78664711;8.09487479;0.357549964;7.351304654;8.838444926;8.83460837;2.320930912;4.007962626;13.66119506;1.305446961
Ag;SM_VG1-2_13;VG;SM;45.2514;5.4117;33.7791;56.7237;165.344;6.1247;152.3602;178.3278;342.571;22.785;294.269;390.873;0.0114219;0.001365967;0.008526178;0.014317622;0.041469069;0.001536104;0.038212669;0.044725468;0.085811264;0.005707458;0.073712004;0.097910524;7.570395612
Cd;SM_VG1-2_13;VG;SM;6.71705;0.57952;5.52584;7.90826;10.95787;0.64113;9.64002;12.27573;26.171;5.196;15.49;36.851;4.667454095;0.402689126;3.839721982;5.495186208;7.533824333;0.440793767;6.627767736;8.439887805;17.8163789;3.537270443;10.54509607;25.08698097;3.896204435
Co;SM_VG1-2_13;VG;SM;15.52;5.3764;4.3391;26.7008;55.777;7.0221;41.1738;70.3802;200.456;74.494;45.538;355.375;9.937996;3.442695985;2.778476704;17.09745126;35.3924971;4.455773059;26.12624553;44.65874867;126.8730288;47.14889755;28.82200575;224.9246848;12.91597938
Cu;SM_VG1-2_13;VG;SM;2.4999;0.15103;2.18581;2.81398;2.75401;0.47736;1.76128;3.74673;2.90803;0.86911;1.10062;4.71545;9.21493575;0.556714967;8.057161771;10.37267287;10.01347643;1.735662945;6.40394761;13.62296888;10.49748428;3.137336464;3.973047439;17.02195721;1.16325853
Ni;SM_VG1-2_13;VG;SM;10.787;10.082;-10.586;32.159;13.53562;6.83459;-0.95306;28.02431;16.985;33.007;-52.985;86.956;5.9657024;5.575805284;-5.854540243;17.785392;7.436763824;3.755072295;-0.523631879;15.39716502;9.282872;18.03943221;-28.95807907;47.5243696;1.574580514
Pb;SM_VG1-2_13;VG;SM;93.596;129.083;-174.846;362.038;128.45;109.762;-99.812;356.713;153.469;117.085;-90.022;396.96;50.2850792;69.35070813;-93.93718704;194.5073454;68.93894;58.90911586;-53.56896442;191.4473811;82.3291088;62.81075464;-48.29269124;212.9509088;1.639696141
Zn;SM_VG1-2_13;VG;SM;8.46527;0.92529;6.54104;10.38951;11.99946;0.44221;11.07984;12.91908;17.0091;1.3112;14.2823;19.736;6.260786501;0.684330581;4.837654905;7.683925493;7.661385998;0.282341164;7.07422926;8.248542736;9.64670633;0.743646715;8.100202469;11.19326691;2.009280271
Ag;SM_VG1-2_14;VG;SM;45.527;4.283;36.62;54.434;109.3085;3.8247;101.3545;117.2624;178.8518;7.0023;164.2898;193.4138;0.011490855;0.001081014;0.00924276;0.013738951;0.027448987;0.000960439;0.025451619;0.029446329;0.04484872;0.001755891;0.041197166;0.048500275;3.928477607
Cd;SM_VG1-2_14;VG;SM;6.55429;0.33242;5.86299;7.24559;12.7811;0.3889;11.9723;13.5899;41.9281;4.7828;31.9818;51.8744;4.557444611;0.231144142;4.076757693;5.038131529;8.76614549;0.266734004;8.211415578;9.320875402;28.46660279;3.247227225;21.71367644;35.21952914;6.39704682
Co;SM_VG1-2_14;VG;SM;6.6759;1.3354;3.8989;9.4529;34.5916;2.8489;28.667;40.5163;179.24;35.55;105.31;253.17;4.34587157;0.869317529;2.538102528;6.153640612;21.99696868;1.811629531;18.22948638;25.76451457;113.458152;22.50299768;66.66077877;160.2555252;26.84881439
Cu;SM_VG1-2_14;VG;SM;2.233891;0.049898;2.130122;2.337661;2.851002;0.017934;2.813707;2.888298;3.270023;0.047347;3.171561;3.368486;8.379002468;0.187160191;7.989779937;8.768228748;10.31827379;0.064906276;10.18329667;10.45325452;11.63504728;0.168465049;11.28471028;11.98538783;1.463823884
Ni;SM_VG1-2_14;VG;SM;6.42379;0.57436;5.22935;7.61823;15.63314;0.48193;14.6309;16.63538;38.0453;3.1414;31.5125;44.5781;3.630512408;0.324609165;2.955454655;4.305570161;8.559356528;0.263863222;8.010616512;9.108096544;20.55434456;1.697172003;17.02493561;24.08375351;5.922562848
Pb;SM_VG1-2_14;VG;SM;30.34;5.598;18.698;41.981;71.6062;3.5516;64.2201;78.9922;116.039;11.437;92.254;139.824;16.430468;3.031567563;10.12580391;22.73459054;38.51613824;1.910364138;34.54324136;42.48898133;62.2965728;6.140055525;49.52738327;75.06576233;3.824620962
Zn;SM_VG1-2_14;VG;SM;6.3151;0.1957;5.9081;6.7221;10.5484;0.11493;10.3094;10.7874;17.6196;0.5227;16.5326;18.7066;5.40867413;0.167610573;5.060092101;5.757256159;7.08633092;0.077209057;6.925772628;7.246889212;9.88864748;0.293354902;9.278590509;10.49870445;2.790074583
Ag;SM_VG1-2_19;VG;SM;29.067;6.454;15.645;42.489;105.9055;6.4902;92.4084;119.4026;219.071;22.094;173.124;265.017;0.007372563;0.001636995;0.003968203;0.010776924;0.026597556;0.001629976;0.023207837;0.029987275;0.054911564;0.005538004;0.043394651;0.066428227;7.5367599
Cd;SM_VG1-2_19;VG;SM;7.59271;0.38205;6.8074;8.37803;12.69172;0.34909;11.97415;13.40929;31.6534;3.4689;24.5229;38.7838;5.259312689;0.264638109;4.715344745;5.80328756;8.705733548;0.239454111;8.213524988;9.197942108;21.52193306;2.358591292;16.67372896;26.37006917;4.168919925
Co;SM_VG1-2_19;VG;SM;5.0592;0.85391;3.28341;6.83499;31.897;2.0258;27.6841;36.1099;201.103;35.943;126.355;275.85;3.32363216;0.560974608;2.157030177;4.490234143;20.2931731;1.288833121;17.61288627;22.97345993;127.2821269;22.74904644;79.97261674;174.5910041;39.74996047
Cu;SM_VG1-2_19;VG;SM;2.249093;0.064654;2.114636;2.383549;2.960625;0.027957;2.902485;3.018765;3.455354;0.054374;3.342276;3.568432;8.426774753;0.242241959;7.922998851;8.930546907;10.66276406;0.100687826;10.45337142;10.87215671;12.21744995;0.192255735;11.81762845;12.61727144;1.536332201
Ni;SM_VG1-2_19;VG;SM;5.15543;0.27698;4.56825;5.74261;14.29442;0.28864;13.68254;14.9063;39.634;2.129;35.121;44.147;2.951686136;0.158581927;2.615502527;3.287869745;7.842873584;0.158367183;7.507155346;8.178591822;21.4046168;1.149781227;18.96733983;23.84189377;7.687816535
Pb;SM_VG1-2_19;VG;SM;35.7561;2.5866;30.2728;41.2394;96.208;2.025;91.915;100.501;167.827;10.122;146.37;189.284;19.32916472;1.39827379;16.36498214;22.2933473;51.6830216;1.087831768;49.37681825;53.98922495;90.0135104;5.428904481;78.50511251;101.5219083;4.693660662
Zn;SM_VG1-2_19;VG;SM;11.57157;0.61591;10.29072;12.85243;17.40043;0.27723;16.82391;17.97696;26.165;1.456;23.138;29.193;7.491813191;0.398760295;6.662548975;8.321083881;9.801790409;0.156165701;9.477032446;10.12655401;13.2751895;0.738722565;11.73939746;14.8114889;2.261145203
Ag;SM_VG1-2_20;VG;SM;18.1816;3.0761;11.7846;24.5786;89.0486;4.4009;79.8964;98.2009;217.53;18.353;179.363;255.696;0.004649036;0.000786559;0.003013323;0.00628475;0.02237996;0.001106047;0.020079802;0.024680143;0.054526006;0.004600358;0.044959077;0.064092684;11.96429357
Cd;SM_VG1-2_20;VG;SM;7.59929;0.37532;6.81876;8.37982;15.23695;0.44077;14.32032;16.15359;52.5205;6.3442;39.327;65.714;5.263760111;0.259970924;4.723114514;5.804405708;10.42605451;0.301601833;9.798840112;11.05327574;35.62600595;4.30343403;26.67651557;44.57549633;6.91123776
Co;SM_VG1-2_20;VG;SM;7.56918;0.35612;6.82859;8.30977;32.33375;0.60531;31.07495;33.59256;138.122;6.634;124.326;151.918;4.910692514;0.231041648;4.430216456;5.391168572;20.56933013;0.385071983;19.76853613;21.37013048;87.4592406;4.200667541;78.72357443;96.19490677;18.2479476
Cu;SM_VG1-2_20;VG;SM;2.37942;0.06136;2.25181;2.50702;3.00211;0.030517;2.938647;3.065573;3.421216;0.051843;3.313403;3.529029;8.83632735;0.227869416;8.362428781;9.310188783;10.79313068;0.109714157;10.56496966;11.02129169;12.11017128;0.183510076;11.72854267;12.49179989;1.437836111
Ni;SM_VG1-2_20;VG;SM;5.11216;0.23714;4.619;5.60532;12.12819;0.22195;11.66662;12.58976;28.7732;1.3442;25.9778;31.5685;2.928528032;0.13584691;2.646018704;3.21103736;6.683507288;0.122310455;6.429148933;6.937865643;15.59191664;0.728408879;14.07711663;17.10666247;5.628384088
Pb;SM_VG1-2_20;VG;SM;64.2616;4.5005;54.721;73.8023;97.6316;1.5676;94.3085;100.9547;123.5098;5.7486;111.3235;135.6962;34.58530832;2.422149154;29.45059968;39.72007078;52.44493232;0.842070353;50.65985705;54.23000759;66.29494496;3.085610377;59.75384387;72.83609973;1.921984513
Zn;SM_VG1-2_20;VG;SM;10.49479;0.34102;9.7856;11.20399;14.66076;0.16213;14.3236;14.99792;20.48042;0.60364;19.22508;21.73577;7.065085277;0.229574425;6.587659066;7.54251822;8.716059188;0.09638891;8.515612109;8.916506267;11.02239045;0.32487399;10.34677698;11.6980093;1.951484498
Ag;SM_VG1-2_22;VG;SM;34.1839;5.6461;22.4421;45.9257;103.8441;5.1445;93.1454;114.5428;193.937;17.313;157.933;229.941;0.008652812;0.001429171;0.005680665;0.011624959;0.026081794;0.001292108;0.023394676;0.028768911;0.048623037;0.00434064;0.039596272;0.057649803;5.673343299
Cd;SM_VG1-2_22;VG;SM;7.69009;0.35966;6.94214;8.43804;15.18494;0.42705;14.29684;16.07303;50.936;5.8599;38.7497;63.1223;5.325131831;0.249052601;4.807201306;5.843062356;10.39090095;0.292225998;9.783183093;10.99861196;34.5550424;3.975363063;26.28784213;42.82224267;6.623589581
Co;SM_VG1-2_22;VG;SM;11.7892;1.167;9.3623;14.2161;44.6778;1.5004;41.5575;47.7981;169.317;15.817;136.424;202.21;7.57901116;0.750238016;6.018811809;9.139210511;28.37447294;0.952890679;26.3927982;30.35614768;107.1838391;10.01273814;86.36136989;128.0063083;14.36204323
Cu;SM_VG1-2_22;VG;SM;2.662074;0.097865;2.458552;2.865596;3.43836;0.03599;3.36352;3.51321;3.97032;0.08363;3.79641;4.14424;9.724567545;0.357501258;8.981100821;10.46803427;12.1640463;0.127323499;11.89928135;12.42884663;13.8357306;0.29143297;13.22969081;14.44180524;1.49143863
Ni;SM_VG1-2_22;VG;SM;4.67163;0.53728;3.55429;5.78897;9.58851;0.33099;8.90018;10.27683;19.6804;2.4485;14.5885;24.7723;2.692756376;0.309691509;2.048714701;3.336798051;5.324270552;0.18379084;4.942057346;5.706478205;10.72545008;1.334386726;7.950459772;13.50044039;4.212748013
Pb;SM_VG1-2_22;VG;SM;67.3368;5.0304;56.6728;78.0009;125.1912;2.4726;119.9496;130.4329;177.41;10.791;154.534;200.285;36.23115536;2.706650805;30.4932967;41.96906782;67.19483024;1.327137508;64.38146618;70.00824797;95.142332;5.787052052;82.87427503;107.4098527;2.634666334
Zn;SM_VG1-2_22;VG;SM;10.85496;0.23212;10.37223;11.33768;13.9501;0.12261;13.69513;14.20508;17.92778;0.40698;17.08142;18.77415;7.207820648;0.1541304;6.887282271;7.528352385;8.43442463;0.074131713;8.280266219;8.588589087;10.01077921;0.227255518;9.538176187;10.48338782;1.651574948
Ag;TB_GP2-4_11;GP;TB;17.965;17.817;-19.088;55.018;420.26;289.68;-182.15;1022.68;2472.7;3752.4;-5330.7;10276.2;0.004594843;0.00455699;-0.004882069;0.014071755;0.105249052;0.072546865;-0.045617272;0.256117881;0.61876954;0.939002233;-1.333956722;2.571520826;137.6398553
Cd;TB_GP2-4_11;GP;TB;4.33963;0.56324;3.16831;5.51094;4.723223;0.049015;4.62129;4.825156;5.4913;1.1572;3.0847;7.8979;3.060555917;0.397229145;2.234473888;3.886630894;3.319826426;0.034451325;3.248180461;3.39147239;3.83896967;0.808998908;2.156514804;5.521424536;1.265384376
Co;TB_GP2-4_11;GP;TB;14.9778;3.9823;6.6962;23.2593;32.1288;4.7755;22.1976;42.0599;68.919;17.774;31.956;105.883;9.59516294;2.551163547;4.289757513;14.9005043;20.43974024;3.038083573;14.12169698;26.75771988;43.7021837;11.27065995;20.26359904;67.14140247;4.601410087
Cu;TB_GP2-4_11;GP;TB;1.642597;0.063268;1.511024;1.774171;2.1075;0.02386;2.05788;2.15712;2.424463;0.042421;2.336243;2.512683;6.520861073;0.251164369;5.998536209;7.043189906;7.98181875;0.090365929;7.793890946;8.169746554;8.977874978;0.157086511;8.651193098;9.304556857;1.475993807
Ni;TB_GP2-4_11;GP;TB;0.940586;0.437874;0.029978;1.851194;6.40765;0.91241;4.51019;8.30512;43.6515;16.5444;9.2456;78.0574;0.695901627;0.323965304;0.022179513;1.369623742;3.62187428;0.51573265;2.549349786;4.694404426;23.5547828;8.927522503;4.989017556;42.12054804;46.40883449
Pb;TB_GP2-4_11;GP;TB;28.5354;5.6831;16.4877;40.583;56.5866;2.6431;50.9834;62.1897;83.15;10.128;61.679;104.621;15.46464608;3.079933351;8.935443175;21.99379479;30.47764832;1.423578591;27.45975435;33.49548843;44.69438;5.443952864;33.15339343;56.23536657;2.913924459
Zn;TB_GP2-4_11;GP;TB;6.3453;0.9092;4.4545;8.2361;9.7154;0.39471;8.89457;10.53624;14.8754;1.7495;11.2371;18.5138;5.42064239;0.776708439;3.805375873;7.035908907;6.75621302;0.274486366;6.185397373;7.327035621;8.80112102;1.035102332;6.648498663;10.95380254;2.344317842
Ag;TB_GP2-4_13;GP;TB;20.70918;9.49708;0.95893;40.45944;231.21;30.184;168.439;293.98;897.57;217.27;445.73;1349.4;0.005281437;0.002422029;0.000244555;0.010318321;0.057948742;0.007565092;0.042216289;0.073680944;0.224672014;0.05438516;0.111571306;0.337770219;43.34164849
Cd;TB_GP2-4_13;GP;TB;2.99363;0.17911;2.62116;3.36611;3.83403;0.13664;3.54986;4.1182;5.95392;0.57628;4.75549;7.15235;2.150794517;0.128682839;1.883190827;2.418405391;2.718820877;0.096895352;2.517307762;2.920333992;4.151654528;0.4018387;3.315992084;4.987316972;1.988863019
Co;TB_GP2-4_13;GP;TB;12.4187;4.6287;2.7928;22.0446;38.8873;4.7569;28.9948;48.7799;121.77;36.24;46.404;197.136;7.97704401;2.973205215;1.793930807;14.16015721;24.71313979;3.023041833;18.42638974;30.99995339;77.119871;22.951664;29.38876976;124.8509722;9.805374153
Cu;TB_GP2-4_13;GP;TB;2.8975;0.33657;2.19756;3.59744;3.12753;0.26728;2.57168;3.68338;3.26478;0.30749;2.62532;3.90424;10.46439375;1.215530977;7.936542926;12.99224457;11.18726303;0.956068099;9.198971897;13.17555415;11.61857115;1.094283365;9.342885956;13.89425634;1.12675755
Ni;TB_GP2-4_13;GP;TB;3.6821;1.2821;1.0158;6.3485;14.2562;1.4491;11.2428;17.2697;55.196;15.342;23.29;87.103;2.16315992;0.753208043;0.596762132;3.729616456;7.82241824;0.795125368;6.16895693;9.47593442;29.7333992;8.264544723;12.54603354;46.92130355;14.99035876
Pb;TB_GP2-4_13;GP;TB;32.9203;3.7432;24.985;40.8556;54.2776;1.5503;50.9912;57.564;71.895;4.0359;63.3393;80.4508;17.81144456;2.025248837;13.51807068;22.10481844;29.24187152;0.835218827;27.47133475;31.01240829;38.670704;2.170819866;34.06878534;43.27267645;2.183910839
Zn;TB_GP2-4_13;GP;TB;17.5825;3.0454;11.2492;23.9157;18.411;2.8505;12.483;24.339;19.2786;3.1701;12.686;25.8712;9.87394475;1.710229566;6.317302959;13.43053038;10.2022793;1.579577271;6.917334881;13.48722372;10.54610918;1.734162269;6.939712482;14.15250588;1.096465235
Ag;TB_GP2-4_16;GP;TB;53.666;13.707;25.161;82.171;364.849;24.906;313.054;416.644;1071.69;136.01;788.83;1354.54;0.013527233;0.003455033;0.006342167;0.0207123;0.09138522;0.006238308;0.078411915;0.104358525;0.268236838;0.034042393;0.197438872;0.339032301;19.96962695
Cd;TB_GP2-4_16;GP;TB;2.87529;0.24737;2.36086;3.38973;4.20374;0.15775;3.87569;4.53179;8.2615;1.0505;6.0769;10.4461;2.070808511;0.178157995;1.700311614;2.44131261;2.968707866;0.111404051;2.737036874;3.200378858;5.71134785;0.726232635;4.20108815;7.22160755;2.873275391
Co;TB_GP2-4_16;GP;TB;2.72347;1.70705;-0.82654;6.27349;27.584;4.7256;17.7565;37.4115;279.377;142.648;-17.276;576.03;1.846750081;1.157528714;-0.560466174;4.253973117;17.5660632;3.009360073;11.30770741;23.82441899;176.7747771;90.26000137;-10.93132595;364.4808801;102.5812658
Cu;TB_GP2-4_16;GP;TB;2.66981;0.20176;2.25023;3.0894;2.9371;0.31293;2.28632;3.58787;3.09894;0.64391;1.75986;4.43802;9.748877925;0.736731681;8.216771071;11.28102129;10.58883675;1.128175644;8.242643845;12.9349936;11.09741895;2.305865566;6.30212386;15.89271404;1.160734284
Ni;TB_GP2-4_16;GP;TB;3.24118;0.36536;2.48137;4.00098;14.36041;0.55548;13.20522;15.5156;63.6255;6.5804;49.9409;77.3101;1.927179536;0.217240115;1.475402627;2.378950499;7.878191432;0.304739055;7.244448526;8.511934338;34.2448676;3.541739189;26.8794667;41.6102685;19.63035067
Pb;TB_GP2-4_16;GP;TB;7.4213;1.9263;3.3377;11.5048;58.834;2.685;53.142;64.526;188.41;21.415;143.013;233.807;4.16437976;1.08092177;1.872913145;6.455790261;31.6804568;1.445797099;28.61547465;34.74543895;101.029532;11.48318788;76.68667512;125.3723889;25.3877353
Zn;TB_GP2-4_16;GP;TB;6.258;1.9443;2.2147;10.3014;15.4547;1.1786;13.0036;17.9058;38.167;12.33;12.525;63.808;5.3860454;1.673392149;1.906116131;8.866060736;9.03069761;0.688695361;7.598437979;10.46295724;18.0315821;5.82517377;5.91729939;30.14539237;6.098913391
Ag;TB_GP2-4_9;GP;TB;15.394;4.7052;5.6089;25.1791;256.81;20.767;213.623;299.997;1249.46;194.64;844.69;1654.24;0.003951579;0.001207806;0.001439782;0.006463375;0.064353862;0.00520399;0.053531658;0.075176066;0.312714892;0.048714506;0.211409042;0.414023244;81.16538911
Cd;TB_GP2-4_9;GP;TB;2.25096;0.57844;1.06196;3.43996;5.16702;0.34775;4.45221;5.88184;22.65548;10.7762;0.50469;44.80628;1.648823864;0.423706186;0.777883654;2.519764074;3.619788818;0.243618481;3.119024113;4.120560528;15.44023893;7.34423207;0.343958026;30.53652665;10.0648079
Co;TB_GP2-4_9;GP;TB;0.52014;0.36634;-0.2417;1.28198;20.2152;4.4792;10.9003;29.5301;785.66;451.96;-154.24;1725.57;0.453584522;0.319464286;-0.210772828;1.117941872;12.90677096;2.859828668;6.95949956;18.85404236;496.897518;285.8460431;-97.55043298;1091.351794;1510.477948
Cu;TB_GP2-4_9;GP;TB;2.47006;0.10263;2.25663;2.68349;2.932632;0.055251;2.817731;3.047533;3.22974;0.14949;2.91885;3.54062;9.12116355;0.378980679;8.333032923;9.909294177;10.57479606;0.199229926;10.16047383;10.98911829;11.50845795;0.532674264;10.40067079;12.61620947;1.307555282
Ni;TB_GP2-4_9;GP;TB;0.36467;0.24265;-0.14972;0.87906;12.6731;2.004;8.4247;16.9214;440.42;292.64;-179.94;1060.78;0.387671384;0.257955031;-0.159163517;0.934506285;6.97514312;1.102980866;4.636867715;9.313363486;235.905284;156.7488359;-96.38253668;568.1931047;NA
Pb;TB_GP2-4_9;GP;TB;0.42802;1.30658;-2.34181;3.19785;58.178;15.21;25.935;90.421;920.49;1377.48;-1999.63;3840.61;0.421576304;1.286909881;-2.306554844;3.149707452;31.3293656;8.190719014;13.96622601;48.69250519;492.838748;737.5153653;-1070.620154;2056.29765;2150.577076
Zn;TB_GP2-4_9;GP;TB;3.40238;0.86148;1.61083;5.19393;12.1446;0.7513;10.5822;13.707;43.349;10.623;21.257;65.441;4.254363194;1.07720149;2.01419473;6.494531658;7.71890498;0.477513735;6.725869628;8.711940332;20.0852087;4.922032158;9.849161026;30.32125637;12.74078733
Ag;TB_VG1-2_12;VG;TB;12.0796;6.05788;-0.51846;24.67765;187.717;22.915;140.063;235.372;877.6;203.13;455.17;1300.04;0.003122316;0.001565831;-0.000134011;0.00637864;0.047066793;0.00574554;0.035118377;0.059015461;0.21967552;0.050846272;0.113935399;0.325418144;72.6514123
Cd;TB_VG1-2_12;VG;TB;1.73638;0.40242;0.9092;2.56356;3.61454;0.27912;3.0408;4.18827;13.3183;4.3271;4.4239;22.2128;1.301019242;0.30152165;0.681237226;1.920801258;2.570467586;0.19849522;2.162454375;2.978473686;9.12923897;2.966079;3.032432088;15.2261144;7.670152847
Co;TB_VG1-2_12;VG;TB;4.8984;11.5783;-19.1801;28.9768;20.7668;11.2314;-2.5902;44.1237;88.041;147.48;-218.661;394.743;3.22195832;7.615711256;-12.61585064;19.0597015;13.25554764;7.169056271;-1.653337033;28.16436848;55.7930243;93.46049254;-138.5690586;250.1551072;17.97341989
Cu;TB_VG1-2_12;VG;TB;2.25865;0.17037;1.90435;2.61296;2.885368;0.056728;2.767397;3.00334;3.31122;0.14117;3.01765;3.6048;8.456807625;0.637897113;7.130242225;9.783410467;10.42626894;0.204986464;9.999981072;10.85256042;11.76450885;0.501566104;10.72147732;12.80757591;1.466017311
Ni;TB_VG1-2_12;VG;TB;2.23504;1.15429;-0.21195;4.68203;9.1252;1.3528;6.2574;11.993;37.2566;14.9382;5.5891;68.9242;1.388693408;0.717192942;-0.131690515;2.909077331;5.07630704;0.752556455;3.480963011;6.671651069;20.13223232;8.072108374;3.020164472;37.2443542;16.66932135
Pb;TB_VG1-2_12;VG;TB;15.0829;3.2714;8.1479;22.0179;54.3525;2.7373;48.5497;60.1553;111.737;9.5876;91.4122;132.0619;8.26486808;1.792605496;4.464746079;12.06499008;29.281958;1.474697643;26.15574769;32.40816831;59.9941424;5.147800994;49.08129397;70.90704453;7.408190733
Zn;TB_VG1-2_12;VG;TB;4.7697;1.1587;2.36;7.1794;11.91642;0.78864;10.27636;13.55649;29.7715;6.7323;15.7709;43.7721;4.79623211;1.165145428;2.373127823;7.219336397;7.628477246;0.504859874;6.578567928;8.678392965;14.70444545;3.325151172;7.789407277;21.61948362;6.241797178
Ag;TB_VG1-2_14;VG;TB;30.1793;15.1422;-1.6333;61.992;159.703;23.973;109.338;210.068;407.47;104.76;187.37;627.57;0.007650861;0.003838753;-0.000414064;0.015715811;0.040057691;0.006013056;0.027424831;0.05269055;0.102048994;0.026236662;0.046925958;0.15717203;13.50163854
Cd;TB_VG1-2_14;VG;TB;2.59313;0.71801;1.09995;4.08632;4.49221;0.61647;3.21019;5.77423;11.9386;5.2291;1.064;22.8131;1.880096567;0.520578658;0.797496546;2.962703838;3.163684739;0.434155289;2.26080907;4.066560408;8.19669974;3.590149817;0.730511829;15.66281899;4.603934242
Co;TB_VG1-2_14;VG;TB;NA;NA;NA;NA;19.302;7.531;3.5395;35.0646;39.749;122.89;-217.464;296.961;NA;NA;NA;NA;12.3293546;4.810505103;2.260892685;22.39788039;25.2579927;78.08887577;-138.1847122;188.7000621;NA
Cu;TB_VG1-2_14;VG;TB;1.15074;0.66988;-0.24235;2.54382;2.41118;0.29699;1.79356;3.02881;3.6545;0.86269;1.86043;5.44857;4.97520045;2.896212244;-1.047795183;10.99815285;8.93613315;1.1006819;6.647156568;11.22514679;12.84326625;3.031812111;6.538239931;19.14829257;3.17578254
Ni;TB_VG1-2_14;VG;TB;4.47716;2.59457;-0.91854;9.87286;10.3779;1.7232;6.7943;13.9614;24.0555;11.66127;-0.19545;48.30644;2.588676032;1.500170012;-0.53109616;5.708448224;5.74675208;0.954220332;3.762337049;7.731111736;13.0670036;6.334429011;-0.106168895;26.24017066;5.372937308
Pb;TB_VG1-2_14;VG;TB;43.984;4.768;34.004;53.963;49.2677;3.2968;42.3674;56.1681;NA;NA;NA;NA;23.7327368;2.572701188;18.34776242;29.11717161;26.56057304;1.7773287;22.84057145;30.28062854;NA;NA;NA;NA;NA
Zn;TB_VG1-2_14;VG;TB;9.192;1.3845;6.3128;12.0711;13.7442;1.7767;10.0493;17.439;20.5507;5.9883;8.0974;33.0041;6.5487896;0.986379373;4.497519472;8.599988484;8.35282646;1.079762138;6.107307733;10.59828441;11.05024241;3.219947088;4.354023605;17.74651499;2.23571584
Ag;TB_VG1-2_15;VG;TB;0.67643;1.00508;-1.41375;2.76662;36.147;12.132;10.916;61.377;338.377;171.884;-19.075;695.83;0.000269243;0.000400057;-0.000562722;0.001101211;0.009143979;0.003068989;0.002761382;0.015526324;0.084761925;0.043056173;-0.004778202;0.174302303;500.2394926
Cd;TB_VG1-2_15;VG;TB;1.26744;0.26458;0.71721;1.81767;2.90509;0.26678;2.35029;3.4599;12.7044;4.1883;3.9945;21.4143;0.984062696;0.205424563;0.556854452;1.41127094;2.090950331;0.192015989;1.691630777;2.490277083;8.71430396;2.872872334;2.739939483;14.68866844;10.02366976
Co;TB_VG1-2_15;VG;TB;0.035193;0.07951;-0.130157;0.200542;2.8446;1.9199;-1.1481;6.8372;229.92;352.27;-502.66;962.5;0.146952534;0.332003409;-0.543485948;0.83738684;1.92334058;1.298116283;-0.776273402;4.622886948;145.503116;222.9313791;-318.104542;609.110774;6533.117381
Cu;TB_VG1-2_15;VG;TB;2.36642;0.23307;1.88172;2.85111;2.941641;0.086325;2.762118;3.121165;3.3244;0.17626;2.95786;3.69095;8.79547485;0.866271128;6.99394906;10.59696347;10.60310684;0.311157343;9.956018517;11.25019877;11.805927;0.625951358;10.50423512;13.10765439;1.404822474
Ni;TB_VG1-2_15;VG;TB;2.12185;0.51993;1.0406;3.2031;11.0444;1.0448;8.8718;13.2171;57.487;14.86;26.584;88.391;1.32811412;0.325435999;0.651335181;2.004893059;6.10346288;0.577387456;4.902819708;7.304161315;30.9595424;8.002831946;14.31677553;47.60284781;27.09286707
Pb;TB_VG1-2_15;VG;TB;0.61424;4.20898;-8.30841;9.53689;1.4889;8.8507;-17.2738;20.2516;2.4492;14.8511;-29.0338;33.9322;0.521241248;3.571721132;-7.050478636;8.092961132;0.98935928;5.88120235;-11.47826874;13.4569873;1.50331184;9.115562007;-17.82086204;20.82748572;3.987366502
Zn;TB_VG1-2_15;VG;TB;2.36163;1.20695;-0.14836;4.87162;6.11131;0.97342;4.08697;8.13565;15.8146;4.5553;6.3413;25.2878;3.841913969;1.963473561;-0.241352945;7.925180883;5.327912153;0.848639039;3.56306866;7.092755646;9.17332598;2.642321136;3.678298031;14.66829592;6.696476586