"SM_Growth","Cu",0,80000
"SM_Growth","Cu",0.1,93378.9888477168
"SM_Growth","Cu",0.2,108995.444477775
"SM_Growth","Cu",0.3,127223.554929277
"SM_Growth","Cu",0.4,148500.086461348
"SM_Growth","Cu",0.5,173334.84896949
"SM_Growth","Cu",0.6,202322.911610533
"SM_Growth","Cu",0.7,236158.86133647
"SM_Growth","Cu",0.8,275653.445987846
"SM_Growth","Cu",0.9,321753.000734173
"SM_Growth","Cu",1,375562.123340947
"SM_Growth","Cu",1.1,438370.141588489
"SM_Growth","Cu",1.2,511682.007032045
"SM_Growth","Cu",1.3,597254.355352783
"SM_Growth","Cu",1.4,697137.597346724
"SM_Growth","Cu",1.5,813725.049099548
"SM_Growth","Cu",1.6,949810.278562182
"SM_Growth","Cu",1.7,1108654.04261631
"SM_Growth","Cu",1.8,1294062.41851806
"SM_Growth","Cu",1.9,1510478.00183809
"SM_Growth","Cu",2,1763086.35610451
"SM_Growth","Cu",2.1,2057940.26480306
"SM_Growth","Cu",2.2,2402104.7629539
"SM_Growth","Cu",2.3,2803826.4233865
"SM_Growth","Cu",2.4,3272730.95400427
"SM_Growth","Cu",2.5,3820053.84069428
"SM_Growth","Cu",2.6,4458909.56234836
"SM_Growth","Cu",2.7,5204605.82869382
"SM_Growth","Cu",2.8,6075010.37042953
"SM_Growth","Cu",2.9,7090979.07037629
"SM_Growth","Cu",3,8276855.69415077
"SM_Growth","Cu",3.1,9661055.19447833
"SM_Growth","Cu",3.2,11276744.5657796
"SM_Growth","Cu",3.3,13162637.5630811
"SM_Growth","Cu",3.4,15363922.3276186
"SM_Growth","Cu",3.5,17933344.1460985
"SM_Growth","Cu",3.6,20932469.28776
"SM_Growth","Cu",3.7,24433160.2022115
"SM_Growth","Cu",3.8,28519297.4254598
"SM_Growth","Cu",3.9,33288789.4529592
"SM_Growth","Cu",4,38855918.7385233
"SM_Growth","Cu",4.1,45354080.0319046
"SM_Growth","Cu",4.2,52938976.6687209
"SM_Growth","Cu",4.3,61792351.3994753
"SM_Growth","Cu",4.4,72126341.1525727
"SM_Growth","Cu",4.5,84188560.0764087
"SM_Growth","Cu",4.6,98268032.656004
"SM_Growth","Cu",4.7,114702119.068401
"SM_Growth","Cu",4.8,133884598.716221
"SM_Growth","Cu",4.9,156275105.630038
"SM_Growth","Cu",5,182410141.822539
"SM_Growth","Cu",5.1,212915932.486966
"SM_Growth","Cu",5.2,248523431.065021
"SM_Growth","Cu",5.3,290085833.722712
"SM_Growth","Cu",5.4,338599022.900921
"SM_Growth","Cu",5.5,395225429.791412
"SM_Growth","Cu",5.6,461321887.510329
"SM_Growth","Cu",5.7,538472142.362934
"SM_Growth","Cu",5.8,628524802.206433
"SM_Growth","Cu",5.9,733637631.196849
"SM_Growth","Cu",6,856329252.27245
"SM_Growth","Cu",6.1,999539496.224035
"SM_Growth","Cu",6.2,1166699843.38446
"SM_Growth","Cu",6.3,1361815645.80038
"SM_Growth","Cu",6.4,1589562100.023
"SM_Growth","Cu",6.5,1855396270.13501
"SM_Growth","Cu",6.6,2165687845.21291
"SM_Growth","Cu",6.7,2527871764.32215
"SM_Growth","Cu",6.8,2950626366.11371
"SM_Growth","Cu",6.9,3444081331.68889
"SM_Growth","Cu",7,4020060403.28008
"SM_Growth","Cu",7.1,4692364694.56298
"SM_Growth","Cu",7.2,5477103381.03772
"SM_Growth","Cu",7.3,6393079694.19641
"SM_Growth","Cu",7.4,7462241468.33665
"SM_Growth","Cu",7.5,8710207035.63471
"SM_Growth","Cu",7.6,10166879070.523
"SM_Growth","Cu",7.7,11867161091.7806
"SM_Growth","Cu",7.8,13851793790.5431
"SM_Growth","Cu",7.9,16168331223.5999
"SM_Growth","Cu",8,18872280262.6841
"SM_Growth","Cu",8.1,22028430602.2521
"SM_Growth","Cu",8.2,25712407194.2551
"SM_Growth","Cu",8.3,30012482308.0037
"SM_Growth","Cu",8.4,35031690634.1422
"SM_Growth","Cu",8.5,40890298113.0279
"SM_Growth","Cu",8.6,47728683643.453
"SM_Growth","Cu",8.7,55710702720.7277
"SM_Growth","Cu",8.8,65027613600.7162
"SM_Growth","Cu",8.9,75902660065.1865
"SM_Growth","Cu",9,88596420596.7386
"SM_Growth","Cu",9.1,103413052135.631
"SM_Growth","Cu",9.2,120707578026.018
"SM_Growth","Cu",9.3,140894394779.081
"SM_Growth","Cu",9.4,164457201484.77
"SM_Growth","Cu",9.5,191960589792.163
"SM_Growth","Cu",9.6,224063572167.545
"SM_Growth","Cu",9.7,261535372582.66
"SM_Growth","Cu",9.8,305273857995.995
"SM_Growth","Cu",9.9,356327052266.344
"SM_Growth","Cu",10,415918247996.484
"SM_PRuO","Cu",0,80000
"SM_PRuO","Cu",0.1,87338.9584442353
"SM_PRuO","Cu",0.2,95351.1707765482
"SM_PRuO","Cu",0.3,104098.399275777
"SM_PRuO","Cu",0.4,113648.072105731
"SM_PRuO","Cu",0.5,124073.803086373
"SM_PRuO","Cu",0.6,135455.959147237
"SM_PRuO","Cu",0.7,147882.279837307
"SM_PRuO","Cu",0.8,161448.553666867
"SM_PRuO","Cu",0.9,176259.356494905
"SM_PRuO","Cu",1,192428.857653952
"SM_PRuO","Cu",1.1,210081.700026377
"SM_PRuO","Cu",1.2,229353.960856225
"SM_PRuO","Cu",1.3,250394.200703033
"SM_PRuO","Cu",1.4,273364.608623496
"SM_PRuO","Cu",1.5,298442.252408652
"SM_PRuO","Cu",1.6,325820.44351404
"SM_PRuO","Cu",1.7,355710.227204439
"SM_PRuO","Cu",1.8,388342.009399974
"SM_PRuO","Cu",1.9,423967.33276419
"SM_PRuO","Cu",2,462860.81572506
"SM_PRuO","Cu",2.1,505322.269375948
"SM_PRuO","Cu",2.2,551679.008574658
"SM_PRuO","Cu",2.3,602288.375055737
"SM_PRuO","Cu",2.4,657540.492005487
"SM_PRuO","Cu",2.5,717861.271333365
"SM_PRuO","Cu",2.6,783715.696821384
"SM_PRuO","Cu",2.7,855611.408459722
"SM_PRuO","Cu",2.8,934102.615598465
"SM_PRuO","Cu",2.9,1019794.36908007
"SM_PRuO","Cu",3,1113347.22528437
"SM_PRuO","Cu",3.1,1215482.33803895
"SM_PRuO","Cu",3.2,1326987.01764608
"SM_PRuO","Cu",3.3,1448720.79987788
"SM_PRuO","Cu",3.4,1581622.07172292
"SM_PRuO","Cu",3.5,1726715.30495866
"SM_PRuO","Cu",3.6,1885118.95331012
"SM_PRuO","Cu",3.7,2058054.07406991
"SM_PRuO","Cu",3.8,2246853.74063976
"SM_PRuO","Cu",3.9,2452973.31855014
"SM_PRuO","Cu",4,2678001.68417085
"SM_PRuO","Cu",4.1,2923673.47259238
"SM_PRuO","Cu",4.2,3191882.44909073
"SM_PRuO","Cu",4.3,3484696.10725024
"SM_PRuO","Cu",4.4,3804371.60627397
"SM_PRuO","Cu",4.5,4153373.17033488
"SM_PRuO","Cu",4.6,4534391.084091
"SM_PRuO","Cu",4.7,4950362.43079168
"SM_PRuO","Cu",4.8,5404493.73283523
"SM_PRuO","Cu",4.9,5900285.66930282
"SM_PRuO","Cu",5,6441560.06100445
"SM_PRuO","Cu",5.1,7032489.33105142
"SM_PRuO","Cu",5.2,7677628.66805284
"SM_PRuO","Cu",5.3,8381951.13986671
"SM_PRuO","Cu",5.4,9150886.02858036
"SM_PRuO","Cu",5.5,9990360.68222641
"SM_PRuO","Cu",5.6,10906846.2058487
"SM_PRuO","Cu",5.7,11907407.3441285
"SM_PRuO","Cu",5.8,12999756.9400928
"SM_PRuO","Cu",5.9,14192315.3896991
"SM_PRuO","Cu",6,15494275.5506051
"SM_PRuO","Cu",6.1,16915673.6054728
"SM_PRuO","Cu",6.2,18467466.426058
"SM_PRuO","Cu",6.3,20161616.0344474
"SM_PRuO","Cu",6.4,22011181.8125153
"SM_PRuO","Cu",6.5,24030421.1703973
"SM_PRuO","Cu",6.6,26234899.449985
"SM_PRuO","Cu",6.7,28641609.9106366
"SM_PRuO","Cu",6.8,31269104.7220136
"SM_PRuO","Cu",6.9,34137637.9738048
"SM_PRuO","Cu",7,37269321.8047311
"SM_PRuO","Cu",7.1,40688296.854353
"SM_PRuO","Cu",7.2,44420918.3516131
"SM_PRuO","Cu",7.3,48495959.2745788
"SM_PRuO","Cu",7.4,52944832.147447
"SM_PRuO","Cu",7.5,57801831.1845361
"SM_PRuO","Cu",7.6,63104396.6478362
"SM_PRuO","Cu",7.7,68893403.4559238
"SM_PRuO","Cu",7.8,75213476.2689859
"SM_PRuO","Cu",7.9,82113333.4787929
"SM_PRuO","Cu",8,89646162.755274
"SM_PRuO","Cu",8.1,97870031.0446003
"SM_PRuO","Cu",8.2,106848332.179255
"SM_PRuO","Cu",8.3,116650275.550497
"SM_PRuO","Cu",8.4,127351419.610168
"SM_PRuO","Cu",8.5,139034254.314335
"SM_PRuO","Cu",8.6,151788836.998562
"SM_PRuO","Cu",8.7,165713486.586453
"SM_PRuO","Cu",8.8,180915541.482794
"SM_PRuO","Cu",8.9,197512186.993526
"SM_PRuO","Cu",9,215631358.65072
"SM_PRuO","Cu",9.1,235412728.405865
"SM_PRuO","Cu",9.2,257008781.293549
"SM_PRuO","Cu",9.3,280585990.865011
"SM_PRuO","Cu",9.4,306326102.452422
"SM_PRuO","Cu",9.5,334427534.155957
"SM_PRuO","Cu",9.6,365106906.353191
"SM_PRuO","Cu",9.7,398600711.521058
"SM_PRuO","Cu",9.8,435167137.242253
"SM_PRuO","Cu",9.9,475088056.448724
"SM_PRuO","Cu",10,518671200.244095
"SM_PRuP","Cu",0,80000
"SM_PRuP","Cu",0.1,83615.7810299813
"SM_PRuP","Cu",0.2,87394.9854656723
"SM_PRuP","Cu",0.3,91344.9995977007
"SM_PRuP","Cu",0.4,95473.5435568135
"SM_PRuP","Cu",0.5,99788.6864025363
"SM_PRuP","Cu",0.6,104298.861893799
"SM_PRuP","Cu",0.7,109012.884972352
"SM_PRuP","Cu",0.8,113939.968991185
"SM_PRuP","Cu",0.9,119089.743721622
"SM_PRuP","Cu",1,124472.274174297
"SM_PRuP","Cu",1.1,130098.080270772
"SM_PRuP","Cu",1.2,135978.157404273
"SM_PRuP","Cu",1.3,142123.9979297
"SM_PRuP","Cu",1.4,148547.613624942
"SM_PRuP","Cu",1.5,155261.559167368
"SM_PRuP","Cu",1.6,162278.956671401
"SM_PRuP","Cu",1.7,169613.521335121
"SM_PRuP","Cu",1.8,177279.58824602
"SM_PRuP","Cu",1.9,185292.140398306
"SM_PRuP","Cu",2,193666.837976516
"SM_PRuP","Cu",2.1,202420.048962665
"SM_PRuP","Cu",2.2,211568.881126754
"SM_PRuP","Cu",2.3,221131.21546316
"SM_PRuP","Cu",2.4,231125.741138265
"SM_PRuP","Cu",2.5,241571.992017617
"SM_PRuP","Cu",2.6,252490.384844018
"SM_PRuP","Cu",2.7,263902.259141164
"SM_PRuP","Cu",2.8,275829.918920812
"SM_PRuP","Cu",2.9,288296.676275002
"SM_PRuP","Cu",3,301326.896938525
"SM_PRuP","Cu",3.1,314946.047910693
"SM_PRuP","Cu",3.2,329180.747229482
"SM_PRuP","Cu",3.3,344058.815995325
"SM_PRuP","Cu",3.4,359609.332746246
"SM_PRuP","Cu",3.5,375862.690290598
"SM_PRuP","Cu",3.6,392850.655108479
"SM_PRuP","Cu",3.7,410606.429437941
"SM_PRuP","Cu",3.8,429164.716167317
"SM_PRuP","Cu",3.9,448561.786660506
"SM_PRuP","Cu",4,468835.551647776
"SM_PRuP","Cu",4.1,490025.635320637
"SM_PRuP","Cu",4.2,512173.452775598
"SM_PRuP","Cu",4.3,535322.290958174
"SM_PRuP","Cu",4.4,559517.393265333
"SM_PRuP","Cu",4.5,584806.04797175
"SM_PRuP","Cu",4.6,611237.680652683
"SM_PRuP","Cu",4.7,638863.950784105
"SM_PRuP","Cu",4.8,667738.852708906
"SM_PRuP","Cu",4.9,697918.821166486
"SM_PRuP","Cu",5,729462.841591995
"SM_PRuP","Cu",5.1,762432.565400803
"SM_PRuP","Cu",5.2,796892.430483506
"SM_PRuP","Cu",5.3,832909.787146981
"SM_PRuP","Cu",5.4,870555.029747628
"SM_PRuP","Cu",5.5,909901.734274082
"SM_PRuP","Cu",5.6,951026.802148274
"SM_PRuP","Cu",5.7,994010.610525919
"SM_PRuP","Cu",5.8,1038937.16939017
"SM_PRuP","Cu",5.9,1085894.28574546
"SM_PRuP","Cu",6,1134973.7352325
"SM_PRuP","Cu",6.1,1186271.44149976
"SM_PRuP","Cu",6.2,1239887.66368206
"SM_PRuP","Cu",6.3,1295927.19235268
"SM_PRuP","Cu",6.4,1354499.554332
"SM_PRuP","Cu",6.5,1415719.22675289
"SM_PRuP","Cu",6.6,1479705.86080131
"SM_PRuP","Cu",6.7,1546584.51556928
"SM_PRuP","Cu",6.8,1616485.90247751
"SM_PRuP","Cu",6.9,1689546.64074514
"SM_PRuP","Cu",7,1765909.52440607
"SM_PRuP","Cu",7.1,1845723.80139371
"SM_PRuP","Cu",7.2,1929145.46523951
"SM_PRuP","Cu",7.3,2016337.55995561
"SM_PRuP","Cu",7.4,2107470.49869719
"SM_PRuP","Cu",7.5,2202722.39682762
"SM_PRuP","Cu",7.6,2302279.42003717
"SM_PRuP","Cu",7.7,2406336.14819576
"SM_PRuP","Cu",7.8,2515095.95565082
"SM_PRuP","Cu",7.9,2628771.40871363
"SM_PRuP","Cu",8,2747584.68111093
"SM_PRuP","Cu",8.1,2871767.98821378
"SM_PRuP","Cu",8.2,3001564.04089242
"SM_PRuP","Cu",8.3,3137226.51988408
"SM_PRuP","Cu",8.4,3279020.57160098
"SM_PRuP","Cu",8.5,3427223.32634739
"SM_PRuP","Cu",8.6,3582124.43995885
"SM_PRuP","Cu",8.7,3744026.6599218
"SM_PRuP","Cu",8.8,3913246.41708042
"SM_PRuP","Cu",8.9,4090114.44408694
"SM_PRuP","Cu",9,4274976.42180422
"SM_PRuP","Cu",9.1,4468193.65492393
"SM_PRuP","Cu",9.2,4670143.77812089
"SM_PRuP","Cu",9.3,4881221.49412358
"SM_PRuP","Cu",9.4,5101839.34514344
"SM_PRuP","Cu",9.5,5332428.51917072
"SM_PRuP","Cu",9.6,5573439.69271258
"SM_PRuP","Cu",9.7,5825343.91162077
"SM_PRuP","Cu",9.8,6088633.51173022
"SM_PRuP","Cu",9.9,6363823.081108
"SM_PRuP","Cu",10,6651450.46579335
"TB_Growth","Cu",0,80000
"TB_Growth","Cu",0.1,84499.1017242082
"TB_Growth","Cu",0.2,89251.2274024762
"TB_Growth","Cu",0.3,94270.6067911535
"TB_Growth","Cu",0.4,99572.2699106064
"TB_Growth","Cu",0.5,105172.092051083
"TB_Growth","Cu",0.6,111086.841309653
"TB_Growth","Cu",0.7,117334.228800567
"TB_Growth","Cu",0.8,123932.961689383
"TB_Growth","Cu",0.9,130902.79920967
"TB_Growth","Cu",1,138264.611830019
"TB_Growth","Cu",1.1,146040.443748537
"TB_Growth","Cu",1.2,154253.578901951
"TB_Growth","Cu",1.3,162928.61068699
"TB_Growth","Cu",1.4,172091.515602798
"TB_Growth","Cu",1.5,181769.731034925
"TB_Growth","Cu",1.6,191992.237413777
"TB_Growth","Cu",1.7,202789.644993563
"TB_Growth","Cu",1.8,214194.28551159
"TB_Growth","Cu",1.9,226240.309002349
"TB_Growth","Cu",2,238963.786056322
"TB_Growth","Cu",2.1,252402.815829689
"TB_Growth","Cu",2.2,266597.640128369
"TB_Growth","Cu",2.3,281590.763908011
"TB_Growth","Cu",2.4,297427.082550757
"TB_Growth","Cu",2.5,314154.016299886
"TB_Growth","Cu",2.6,331821.652254908
"TB_Growth","Cu",2.7,350482.894352279
"TB_Growth","Cu",2.8,370193.621780852
"TB_Growth","Cu",2.9,391012.856306417
"TB_Growth","Cu",3,413002.939006364
"TB_Growth","Cu",3.1,436229.716943696
"TB_Growth","Cu",3.2,460762.74033935
"TB_Growth","Cu",3.3,486675.470833246
"TB_Growth","Cu",3.4,514045.501457692
"TB_Growth","Cu",3.5,542954.788981815
"TB_Growth","Cu",3.6,573489.899322755
"TB_Growth","Cu",3.7,605742.266758493
"TB_Growth","Cu",3.8,639808.467718479
"TB_Growth","Cu",3.9,675790.50997192
"TB_Growth","Cu",4,713796.138079648
"TB_Growth","Cu",4.1,753939.15602424
"TB_Growth","Cu",4.2,796339.76798445
"TB_Growth","Cu",4.3,841124.93827438
"TB_Growth","Cu",4.4,888428.77152519
"TB_Growth","Cu",4.5,938392.914247755
"TB_Growth","Cu",4.6,991166.978978717
"TB_Growth","Cu",4.7,1046908.99227998
"TB_Growth","Cu",4.8,1105785.86793318
"TB_Growth","Cu",4.9,1167973.90674598
"TB_Growth","Cu",5,1233659.32446686
"TB_Growth","Cu",5.1,1303038.8093893
"TB_Growth","Cu",5.2,1376320.11131472
"TB_Growth","Cu",5.3,1453722.6636382
"TB_Growth","Cu",5.4,1535478.24041939
"TB_Growth","Cu",5.5,1621831.65040633
"TB_Growth","Cu",5.6,1713041.47009031
"TB_Growth","Cu",5.7,1809380.81798685
"TB_Growth","Cu",5.8,1911138.17246128
"TB_Growth","Cu",5.9,2018618.23554779
"TB_Growth","Cu",6,2132142.84534868
"TB_Growth","Cu",6.1,2252051.93974576
"TB_Growth","Cu",6.2,2378704.57430972
"TB_Growth","Cu",6.3,2512479.99745546
"TB_Growth","Cu",6.4,2653778.78606284
"TB_Growth","Cu",6.5,2803024.04496337
"TB_Growth","Cu",6.6,2960662.67388452
"TB_Growth","Cu",6.7,3127166.70564543
"TB_Growth","Cu",6.8,3303034.71961113
"TB_Growth","Cu",6.9,3488793.33463766
"TB_Growth","Cu",7,3684998.78597859
"TB_Growth","Cu",7.1,3892238.59087486
"TB_Growth","Cu",7.2,4111133.30781529
"TB_Growth","Cu",7.3,4342338.39473582
"TB_Growth","Cu",7.4,4586546.17172146
"TB_Growth","Cu",7.5,4844487.89408837
"TB_Growth","Cu",7.6,5116935.94205336
"TB_Growth","Cu",7.7,5404706.1335478
"TB_Growth","Cu",7.8,5708660.16710135
"TB_Growth","Cu",7.9,6029708.20211041
"TB_Growth","Cu",8,6368811.58421775
"TB_Growth","Cu",8.1,6726985.72396415
"TB_Growth","Cu",8.2,7105303.13733179
"TB_Growth","Cu",8.3,7504896.65728419
"TB_Growth","Cu",8.4,7926962.82591909
"TB_Growth","Cu",8.5,8372765.47739193
"TB_Growth","Cu",8.6,8843639.52233849
"TB_Growth","Cu",8.7,9340994.94512886
"TB_Growth","Cu",8.8,9866321.02592198
"TB_Growth","Cu",8.9,10421190.8001635
"TB_Growth","Cu",9,11007265.7688799
"TB_Growth","Cu",9.1,11626300.8738748
"TB_Growth","Cu",9.2,12280149.7527224
"TB_Growth","Cu",9.3,12970770.2892976
"TB_Growth","Cu",9.4,13700230.4764587
"TB_Growth","Cu",9.5,14470714.6084422
"TB_Growth","Cu",9.6,15284529.8215093
"TB_Growth","Cu",9.7,16144113.0024301
"TB_Growth","Cu",9.8,17052038.0854932
"TB_Growth","Cu",9.9,18011023.7598896
"TB_Growth","Cu",10,19023941.6105505
"TB_PRuO","Cu",0,80000
"TB_PRuO","Cu",0.1,80093.1535650184
"TB_PRuO","Cu",0.2,80186.4155998702
"TB_PRuO","Cu",0.3,80279.7862308598
"TB_PRuO","Cu",0.4,80373.2655844388
"TB_PRuO","Cu",0.5,80466.8537872058
"TB_PRuO","Cu",0.6,80560.5509659069
"TB_PRuO","Cu",0.7,80654.3572474359
"TB_PRuO","Cu",0.8,80748.2727588342
"TB_PRuO","Cu",0.9,80842.2976272912
"TB_PRuO","Cu",1,80936.4319801444
"TB_PRuO","Cu",1.1,81030.6759448796
"TB_PRuO","Cu",1.2,81125.029649131
"TB_PRuO","Cu",1.3,81219.4932206815
"TB_PRuO","Cu",1.4,81314.0667874627
"TB_PRuO","Cu",1.5,81408.7504775551
"TB_PRuO","Cu",1.6,81503.5444191885
"TB_PRuO","Cu",1.7,81598.448740742
"TB_PRuO","Cu",1.8,81693.4635707441
"TB_PRuO","Cu",1.9,81788.589037873
"TB_PRuO","Cu",2,81883.8252709568
"TB_PRuO","Cu",2.1,81979.1723989734
"TB_PRuO","Cu",2.2,82074.6305510511
"TB_PRuO","Cu",2.3,82170.1998564686
"TB_PRuO","Cu",2.4,82265.8804446549
"TB_PRuO","Cu",2.5,82361.6724451898
"TB_PRuO","Cu",2.6,82457.5759878041
"TB_PRuO","Cu",2.7,82553.5912023796
"TB_PRuO","Cu",2.8,82649.7182189492
"TB_PRuO","Cu",2.9,82745.9571676974
"TB_PRuO","Cu",3,82842.3081789603
"TB_PRuO","Cu",3.1,82938.7713832255
"TB_PRuO","Cu",3.2,83035.3469111329
"TB_PRuO","Cu",3.3,83132.0348934743
"TB_PRuO","Cu",3.4,83228.8354611937
"TB_PRuO","Cu",3.5,83325.748745388
"TB_PRuO","Cu",3.6,83422.7748773062
"TB_PRuO","Cu",3.7,83519.9139883505
"TB_PRuO","Cu",3.8,83617.166210076
"TB_PRuO","Cu",3.9,83714.5316741911
"TB_PRuO","Cu",4,83812.0105125572
"TB_PRuO","Cu",4.1,83909.6028571897
"TB_PRuO","Cu",4.2,84007.3088402575
"TB_PRuO","Cu",4.3,84105.1285940834
"TB_PRuO","Cu",4.4,84203.0622511442
"TB_PRuO","Cu",4.5,84301.1099440712
"TB_PRuO","Cu",4.6,84399.2718056499
"TB_PRuO","Cu",4.7,84497.5479688205
"TB_PRuO","Cu",4.8,84595.9385666781
"TB_PRuO","Cu",4.9,84694.4437324726
"TB_PRuO","Cu",5,84793.0635996092
"TB_PRuO","Cu",5.1,84891.7983016483
"TB_PRuO","Cu",5.2,84990.6479723061
"TB_PRuO","Cu",5.3,85089.6127454541
"TB_PRuO","Cu",5.4,85188.69275512
"TB_PRuO","Cu",5.5,85287.8881354874
"TB_PRuO","Cu",5.6,85387.1990208963
"TB_PRuO","Cu",5.7,85486.6255458429
"TB_PRuO","Cu",5.8,85586.1678449802
"TB_PRuO","Cu",5.9,85685.8260531179
"TB_PRuO","Cu",6,85785.6003052228
"TB_PRuO","Cu",6.1,85885.4907364187
"TB_PRuO","Cu",6.2,85985.4974819869
"TB_PRuO","Cu",6.3,86085.6206773659
"TB_PRuO","Cu",6.4,86185.8604581524
"TB_PRuO","Cu",6.5,86286.2169601005
"TB_PRuO","Cu",6.6,86386.6903191228
"TB_PRuO","Cu",6.7,86487.2806712898
"TB_PRuO","Cu",6.8,86587.9881528308
"TB_PRuO","Cu",6.9,86688.8129001333
"TB_PRuO","Cu",7,86789.755049744
"TB_PRuO","Cu",7.1,86890.8147383685
"TB_PRuO","Cu",7.2,86991.9921028713
"TB_PRuO","Cu",7.3,87093.2872802767
"TB_PRuO","Cu",7.4,87194.7004077683
"TB_PRuO","Cu",7.5,87296.2316226895
"TB_PRuO","Cu",7.6,87397.8810625435
"TB_PRuO","Cu",7.7,87499.6488649938
"TB_PRuO","Cu",7.8,87601.5351678642
"TB_PRuO","Cu",7.9,87703.5401091388
"TB_PRuO","Cu",8,87805.6638269625
"TB_PRuO","Cu",8.1,87907.9064596411
"TB_PRuO","Cu",8.2,88010.2681456413
"TB_PRuO","Cu",8.3,88112.7490235912
"TB_PRuO","Cu",8.4,88215.3492322801
"TB_PRuO","Cu",8.5,88318.0689106592
"TB_PRuO","Cu",8.6,88420.9081978413
"TB_PRuO","Cu",8.7,88523.8672331012
"TB_PRuO","Cu",8.8,88626.9461558759
"TB_PRuO","Cu",8.9,88730.1451057648
"TB_PRuO","Cu",9,88833.4642225297
"TB_PRuO","Cu",9.1,88936.9036460955
"TB_PRuO","Cu",9.2,89040.4635165496
"TB_PRuO","Cu",9.3,89144.1439741428
"TB_PRuO","Cu",9.4,89247.945159289
"TB_PRuO","Cu",9.5,89351.8672125659
"TB_PRuO","Cu",9.6,89455.9102747147
"TB_PRuO","Cu",9.7,89560.0744866403
"TB_PRuO","Cu",9.8,89664.3599894121
"TB_PRuO","Cu",9.9,89768.7669242634
"TB_PRuO","Cu",10,89873.2954325921
"TB_PRuP","Cu",0,80000
"TB_PRuP","Cu",0.1,83124.0896461519
"TB_PRuP","Cu",0.2,86370.1784937687
"TB_PRuP","Cu",0.3,89743.0307483772
"TB_PRuP","Cu",0.4,93247.5966630684
"TB_PRuP","Cu",0.5,96889.0198038638
"TB_PRuP","Cu",0.6,100672.644598802
"TB_PRuP","Cu",0.7,104604.024181825
"TB_PRuP","Cu",0.8,108688.928542978
"TB_PRuP","Cu",0.9,112933.352996884
"TB_PRuP","Cu",1,117343.526981919
"TB_PRuP","Cu",1.1,121925.923203009
"TB_PRuP","Cu",1.2,126687.267131459
"TB_PRuP","Cu",1.3,131634.546875767
"TB_PRuP","Cu",1.4,136775.023437898
"TB_PRuP","Cu",1.5,142116.24137008
"TB_PRuP","Cu",1.6,147666.039847758
"TB_PRuP","Cu",1.7,153432.564174966
"TB_PRuP","Cu",1.8,159424.277738986
"TB_PRuP","Cu",1.9,165649.974431856
"TB_PRuP","Cu",2,172118.791556955
"TB_PRuP","Cu",2.1,178840.223239595
"TB_PRuP","Cu",2.2,185824.134361324
"TB_PRuP","Cu",2.3,193080.775038366
"TB_PRuP","Cu",2.4,200620.79566547
"TB_PRuP","Cu",2.5,208455.262547236
"TB_PRuP","Cu",2.6,216595.674139857
"TB_PRuP","Cu",2.7,225053.977927127
"TB_PRuP","Cu",2.8,233842.58795547
"TB_PRuP","Cu",2.9,242974.403053733
"TB_PRuP","Cu",3,252462.825764485
"TB_PRuP","Cu",3.1,262321.782014598
"TB_PRuP","Cu",3.2,272565.741553997
"TB_PRuP","Cu",3.3,283209.739192554
"TB_PRuP","Cu",3.4,294269.396866315
"TB_PRuP","Cu",3.5,305760.946565432
"TB_PRuP","Cu",3.6,317701.254157466
"TB_PRuP","Cu",3.7,330107.844141001
"TB_PRuP","Cu",3.8,342998.925365931
"TB_PRuP","Cu",3.9,356393.417758143
"TB_PRuP","Cu",4,370310.980087829
"TB_PRuP","Cu",4.1,384772.038822189
"TB_PRuP","Cu",4.2,399797.818104853
"TB_PRuP","Cu",4.3,415410.370906047
"TB_PRuP","Cu",4.4,431632.611389193
"TB_PRuP","Cu",4.5,448488.348541474
"TB_PRuP","Cu",4.6,466002.321117701
"TB_PRuP","Cu",4.7,484200.233948783
"TB_PRuP","Cu",4.8,503108.79566808
"TB_PRuP","Cu",4.9,522755.757911012
"TB_PRuP","Cu",5,543169.956045463
"TB_PRuP","Cu",5.1,564381.351492744
"TB_PRuP","Cu",5.2,586421.07570124
"TB_PRuP","Cu",5.3,609321.475837284
"TB_PRuP","Cu",5.4,633116.162260299
"TB_PRuP","Cu",5.5,657840.05785191
"TB_PRuP","Cu",5.6,683529.449271399
"TB_PRuP","Cu",5.7,710222.040212757
"TB_PRuP","Cu",5.8,737957.006741477
"TB_PRuP","Cu",5.9,766775.054792305
"TB_PRuP","Cu",6,796718.479912358
"TB_PRuP","Cu",6.1,827831.229337258
"TB_PRuP","Cu",6.2,860158.96649143
"TB_PRuP","Cu",6.3,893749.138007188
"TB_PRuP","Cu",6.4,928651.043361006
"TB_PRuP","Cu",6.5,964915.907229159
"TB_PRuP","Cu",6.6,1002596.95466893
"TB_PRuP","Cu",6.7,1041749.48923574
"TB_PRuP","Cu",6.8,1082430.97415081
"TB_PRuP","Cu",6.9,1124701.11663854
"TB_PRuP","Cu",7,1168621.95555737
"TB_PRuP","Cu",7.1,1214257.95245265
"TB_PRuP","Cu",7.2,1261676.08616533
"TB_PRuP","Cu",7.3,1310945.95113517
"TB_PRuP","Cu",7.4,1362139.85954274
"TB_PRuP","Cu",7.5,1415332.94744035
"TB_PRuP","Cu",7.6,1470603.2850273
"TB_PRuP","Cu",7.7,1528031.99123168
"TB_PRuP","Cu",7.8,1587703.35276663
"TB_PRuP","Cu",7.9,1649704.94783586
"TB_PRuP","Cu",8,1714127.77467011
"TB_PRuP","Cu",8.1,1781066.38508296
"TB_PRuP","Cu",8.2,1850619.0232423
"TB_PRuP","Cu",8.3,1922887.76986084
"TB_PRuP","Cu",8.4,1997978.69201751
"TB_PRuP","Cu",8.5,2076001.99882957
"TB_PRuP","Cu",8.6,2157072.20320374
"TB_PRuP","Cu",8.7,2241308.28990413
"TB_PRuP","Cu",8.8,2328833.89018318
"TB_PRuP","Cu",8.9,2419777.46323229
"TB_PRuP","Cu",9,2514272.48471823
"TB_PRuP","Cu",9.1,2612457.64268214
"TB_PRuP","Cu",9.2,2714477.04108857
"TB_PRuP","Cu",9.3,2820480.41132334
"TB_PRuP","Cu",9.4,2930623.33195071
"TB_PRuP","Cu",9.5,3045067.45705219
"TB_PRuP","Cu",9.6,3163980.75348232
"TB_PRuP","Cu",9.7,3287537.74738955
"TB_PRuP","Cu",9.8,3415919.78036396
"TB_PRuP","Cu",9.9,3549315.27558797
"TB_PRuP","Cu",10,3687920.01438038
