"SM_GP2-4_13","Cu",0,10000
"SM_GP2-4_13","Cu",0.1,11018.5678408588
"SM_GP2-4_13","Cu",0.2,12140.8837263608
"SM_GP2-4_13","Cu",0.3,13377.5150986886
"SM_GP2-4_13","Cu",0.4,14740.1057657013
"SM_GP2-4_13","Cu",0.5,16241.4855360814
"SM_GP2-4_13","Cu",0.6,17895.7910215641
"SM_GP2-4_13","Cu",0.7,19718.5987436936
"SM_GP2-4_13","Cu",0.8,21727.0717984062
"SM_GP2-4_13","Cu",0.9,23940.1214593949
"SM_GP2-4_13","Cu",1,26378.5852418743
"SM_GP2-4_13","Cu",1.1,29065.4231033469
"SM_GP2-4_13","Cu",1.2,32025.9336287493
"SM_GP2-4_13","Cu",1.3,35287.9922355217
"SM_GP2-4_13","Cu",1.4,38882.3136414795
"SM_GP2-4_13","Cu",1.5,42842.7410668192
"SM_GP2-4_13","Cu",1.6,47206.5648933096
"SM_GP2-4_13","Cu",1.7,52014.8737810837
"SM_GP2-4_13","Cu",1.8,57312.9415490579
"SM_GP2-4_13","Cu",1.9,63150.6534617471
"SM_GP2-4_13","Cu",2,69582.9759362827
"SM_GP2-4_13","Cu",2.1,76670.4740922778
"SM_GP2-4_13","Cu",2.2,84479.8820176572
"SM_GP2-4_13","Cu",2.3,93084.7311199306
"SM_GP2-4_13","Cu",2.4,102566.042479306
"SM_GP2-4_13","Cu",2.5,113013.089722664
"SM_GP2-4_13","Cu",2.6,124524.239601424
"SM_GP2-4_13","Cu",2.7,137207.878187965
"SM_GP2-4_13","Cu",2.8,151183.431411438
"SM_GP2-4_13","Cu",2.9,166582.489542076
"SM_GP2-4_13","Cu",3,183550.046211852
"SM_GP2-4_13","Cu",3.1,202245.863637806
"SM_GP2-4_13","Cu",3.2,222845.976902625
"SM_GP2-4_13","Cu",3.3,245544.351456404
"SM_GP2-4_13","Cu",3.4,270554.709446207
"SM_GP2-4_13","Cu",3.5,298112.542069687
"SM_GP2-4_13","Cu",3.6,328477.326900573
"SM_GP2-4_13","Cu",3.7,361934.971063793
"SM_GP2-4_13","Cu",3.8,398800.503264568
"SM_GP2-4_13","Cu",3.9,439421.040018928
"SM_GP2-4_13","Cu",4,484179.05401493
"SM_GP2-4_13","Cu",4.1,533495.975378636
"SM_GP2-4_13","Cu",4.2,587836.159753465
"SM_GP2-4_13","Cu",4.3,647711.260555347
"SM_GP2-4_13","Cu",4.4,713685.046571728
"SM_GP2-4_13","Cu",4.5,786378.710265708
"SM_GP2-4_13","Cu",4.6,866476.716766978
"SM_GP2-4_13","Cu",4.7,954733.248622156
"SM_GP2-4_13","Cu",4.8,1051979.30698668
"SM_GP2-4_13","Cu",4.9,1159130.53612123
"SM_GP2-4_13","Cu",5,1277195.84486629
"SM_GP2-4_13","Cu",5.1,1407286.90627222
"SM_GP2-4_13","Cu",5.2,1550628.62483128
"SM_GP2-4_13","Cu",5.3,1708570.66986811
"SM_GP2-4_13","Cu",5.4,1882600.18368433
"SM_GP2-4_13","Cu",5.5,2074355.78411391
"SM_GP2-4_13","Cu",5.6,2285642.99333371
"SM_GP2-4_13","Cu",5.7,2518451.23820311
"SM_GP2-4_13","Cu",5.8,2774972.58220359
"SM_GP2-4_13","Cu",5.9,3057622.36535334
"SM_GP2-4_13","Cu",6,3369061.9464373
"SM_GP2-4_13","Cu",6.1,3712223.76168753
"SM_GP2-4_13","Cu",6.2,4090338.93586022
"SM_GP2-4_13","Cu",6.3,4506967.70568821
"SM_GP2-4_13","Cu",6.4,4966032.94216854
"SM_GP2-4_13","Cu",6.5,5471857.08732238
"SM_GP2-4_13","Cu",6.6,6029202.85321458
"SM_GP2-4_13","Cu",6.7,6643318.06644445
"SM_GP2-4_13","Cu",6.8,7319985.08035212
"SM_GP2-4_13","Cu",6.9,8065575.22019343
"SM_GP2-4_13","Cu",7,8887108.77392512
"SM_GP2-4_13","Cu",7.1,9792321.09345856
"SM_GP2-4_13","Cu",7.2,10789735.4287746
"SM_GP2-4_13","Cu",7.3,11888743.1806871
"SM_GP2-4_13","Cu",7.4,13099692.3278949
"SM_GP2-4_13","Cu",7.5,14433984.8609287
"SM_GP2-4_13","Cu",7.6,15904184.1404072
"SM_GP2-4_13","Cu",7.7,17524133.1904588
"SM_GP2-4_13","Cu",7.8,19309085.0411317
"SM_GP2-4_13","Cu",7.9,21275846.3470621
"SM_GP2-4_13","Cu",8,23442935.6346792
"SM_GP2-4_13","Cu",8.1,25830757.66796
"SM_GP2-4_13","Cu",8.2,28461795.5745202
"SM_GP2-4_13","Cu",8.3,31360822.5410506
"SM_GP2-4_13","Cu",8.4,34555135.0713701
"SM_GP2-4_13","Cu",8.5,38074810.0033931
"SM_GP2-4_13","Cu",8.6,41952987.7050197
"SM_GP2-4_13","Cu",8.7,46226184.1154476
"SM_GP2-4_13","Cu",8.8,50934634.570009
"SM_GP2-4_13","Cu",8.9,56122672.6458997
"SM_GP2-4_13","Cu",9,61839147.5959159
"SM_GP2-4_13","Cu",9.1,68137884.3006481
"SM_GP2-4_13","Cu",9.2,75078190.0699281
"SM_GP2-4_13","Cu",9.3,82725413.0654396
"SM_GP2-4_13","Cu",9.4,91151557.6024615
"SM_GP2-4_13","Cu",9.5,100435962.124267
"SM_GP2-4_13","Cu",9.6,110666046.232817
"SM_GP2-4_13","Cu",9.7,121938133.809591
"SM_GP2-4_13","Cu",9.8,134358359.97687
"SM_GP2-4_13","Cu",9.9,148043670.439167
"SM_GP2-4_13","Cu",10,163122922.614371
"SM_GP2-4_16","Cu",0,10000
"SM_GP2-4_16","Cu",0.1,11152.49969654
"SM_GP2-4_16","Cu",0.2,12437.8249481324
"SM_GP2-4_16","Cu",0.3,13871.2838959664
"SM_GP2-4_16","Cu",0.4,15469.9489440385
"SM_GP2-4_16","Cu",0.5,17252.8600903879
"SM_GP2-4_16","Cu",0.6,19241.2516922497
"SM_GP2-4_16","Cu",0.7,21458.8053658865
"SM_GP2-4_16","Cu",0.8,23931.9320331159
"SM_GP2-4_16","Cu",0.9,26690.0864736941
"SM_GP2-4_16","Cu",1,29766.1181298499
"SM_GP2-4_16","Cu",1.1,33196.6623410324
"SM_GP2-4_16","Cu",1.2,37022.5766684504
"SM_GP2-4_16","Cu",1.3,41289.4275060021
"SM_GP2-4_16","Cu",1.4,46048.0327730997
"SM_GP2-4_16","Cu",1.5,51355.0671528258
"SM_GP2-4_16","Cu",1.6,57273.737083768
"SM_GP2-4_16","Cu",1.7,63874.5335446433
"SM_GP2-4_16","Cu",1.8,71236.0715973266
"SM_GP2-4_16","Cu",1.9,79446.0266871885
"SM_GP2-4_16","Cu",2,88602.1788520177
"SM_GP2-4_16","Cu",2.1,98813.5772759908
"SM_GP2-4_16","Cu",2.2,110201.839058452
"SM_GP2-4_16","Cu",2.3,122902.597665753
"SM_GP2-4_16","Cu",2.4,137067.118317129
"SM_GP2-4_16","Cu",2.5,152864.099543738
"SM_GP2-4_16","Cu",2.6,170481.68237734
"SM_GP2-4_16","Cu",2.7,190129.691097891
"SM_GP2-4_16","Cu",2.8,212042.132227247
"SM_GP2-4_16","Cu",2.9,236479.981531806
"SM_GP2-4_16","Cu",3,263734.292227125
"SM_GP2-4_16","Cu",3.1,294129.661403019
"SM_GP2-4_16","Cu",3.2,328028.095954058
"SM_GP2-4_16","Cu",3.3,365833.324058422
"SM_GP2-4_16","Cu",3.4,407995.603554576
"SM_GP2-4_16","Cu",3.5,455017.084483205
"SM_GP2-4_16","Cu",3.6,507457.789661945
"SM_GP2-4_16","Cu",3.7,565942.284521169
"SM_GP2-4_16","Cu",3.8,631167.115638147
"SM_GP2-4_16","Cu",3.9,703909.106562045
"SM_GP2-4_16","Cu",4,785034.609732493
"SM_GP2-4_16","Cu",4.1,875509.824681501
"SM_GP2-4_16","Cu",4.2,976412.305407821
"SM_GP2-4_16","Cu",4.3,1088943.79397586
"SM_GP2-4_16","Cu",4.4,1214444.53318649
"SM_GP2-4_16","Cu",4.5,1354409.2287827
"SM_GP2-4_16","Cu",4.6,1510504.851299
"SM_GP2-4_16","Cu",4.7,1684590.48957342
"SM_GP2-4_16","Cu",4.8,1878739.49237617
"SM_GP2-4_16","Cu",4.9,2095264.16186029
"SM_GP2-4_16","Cu",5,2336743.2929318
"SM_GP2-4_16","Cu",5.1,2606052.88653137
"SM_GP2-4_16","Cu",5.2,2906400.40262082
"SM_GP2-4_16","Cu",5.3,3241362.96082524
"SM_GP2-4_16","Cu",5.4,3614929.94369794
"SM_GP2-4_16","Cu",5.5,4031550.51001045
"SM_GP2-4_16","Cu",5.6,4496186.58394772
"SM_GP2-4_16","Cu",5.7,5014371.9513064
"SM_GP2-4_16","Cu",5.8,5592278.16652833
"SM_GP2-4_16","Cu",5.9,6236788.05551743
"SM_GP2-4_16","Cu",6,6955577.68965423
"SM_GP2-4_16","Cu",6.1,7757207.80731291
"SM_GP2-4_16","Cu",6.2,8651225.77170547
"SM_GP2-4_16","Cu",6.3,9648279.27936441
"SM_GP2-4_16","Cu",6.4,10760243.1735245
"SM_GP2-4_16","Cu",6.5,12000360.8727428
"SM_GP2-4_16","Cu",6.6,13383402.0991634
"SM_GP2-4_16","Cu",6.7,14925838.7849592
"SM_GP2-4_16","Cu",6.8,16646041.2519863
"SM_GP2-4_16","Cu",6.9,18564497.0011369
"SM_GP2-4_16","Cu",7,20704054.7171596
"SM_GP2-4_16","Cu",7.1,23090196.395027
"SM_GP2-4_16","Cu",7.2,25751340.8288587
"SM_GP2-4_16","Cu",7.3,28719182.0779344
"SM_GP2-4_16","Cu",7.4,32029066.9409039
"SM_GP2-4_16","Cu",7.5,35720415.9338889
"SM_GP2-4_16","Cu",7.6,39837192.7862978
"SM_GP2-4_16","Cu",7.7,44428428.0460191
"SM_GP2-4_16","Cu",7.8,49548803.0300977
"SM_GP2-4_16","Cu",7.9,55259301.0757084
"SM_GP2-4_16","Cu",8,61627933.8477848
"SM_GP2-4_16","Cu",8.1,68730551.3535805
"SM_GP2-4_16","Cu",8.2,76651745.3113833
"SM_GP2-4_16","Cu",8.3,85485856.6324462
"SM_GP2-4_16","Cu",8.4,95338099.0151815
"SM_GP2-4_16","Cu",8.5,106325812.033551
"SM_GP2-4_16","Cu",8.6,118579858.643854
"SM_GP2-4_16","Cu",8.7,132246183.754134
"SM_GP2-4_16","Cu",8.8,147487552.418655
"SM_GP2-4_16","Cu",8.9,164485488.359247
"SM_GP2-4_16","Cu",9,183442435.901173
"SM_GP2-4_16","Cu",9.1,204584171.072039
"SM_GP2-4_16","Cu",9.2,228162490.57978
"SM_GP2-4_16","Cu",9.3,254458210.69528
"SM_GP2-4_16","Cu",9.4,283784511.756122
"SM_GP2-4_16","Cu",9.5,316490668.124289
"SM_GP2-4_16","Cu",9.6,352966208.021387
"SM_GP2-4_16","Cu",9.7,393645552.784739
"SM_GP2-4_16","Cu",9.8,439013190.797611
"SM_GP2-4_16","Cu",9.9,489609447.71474
"SM_GP2-4_16","Cu",10,546036921.706174
"SM_GP2-4_19","Cu",0,10000
"SM_GP2-4_19","Cu",0.1,10485.4434824197
"SM_GP2-4_19","Cu",0.2,10994.4525023018
"SM_GP2-4_19","Cu",0.3,11528.1710333033
"SM_GP2-4_19","Cu",0.4,12087.7985825369
"SM_GP2-4_19","Cu",0.5,12674.5928864064
"SM_GP2-4_19","Cu",0.6,13289.8727373093
"SM_GP2-4_19","Cu",0.7,13935.0209475607
"SM_GP2-4_19","Cu",0.8,14611.4874571982
"SM_GP2-4_19","Cu",0.9,15320.7925926536
"SM_GP2-4_19","Cu",1,16064.5304836144
"SM_GP2-4_19","Cu",1.1,16844.3726457547
"SM_GP2-4_19","Cu",1.2,17662.0717373877
"SM_GP2-4_19","Cu",1.3,18519.4654984821
"SM_GP2-4_19","Cu",1.4,19418.4808808955
"SM_GP2-4_19","Cu",1.5,20361.1383791077
"SM_GP2-4_19","Cu",1.6,21349.5565711861
"SM_GP2-4_19","Cu",1.7,22385.9568801894
"SM_GP2-4_19","Cu",1.8,23472.668566711
"SM_GP2-4_19","Cu",1.9,24612.1339637817
"SM_GP2-4_19","Cu",2,25806.9139658975
"SM_GP2-4_19","Cu",2.1,27059.6937845086
"SM_GP2-4_19","Cu",2.2,28373.2889829048
"SM_GP2-4_19","Cu",2.3,29750.651804061
"SM_GP2-4_19","Cu",2.4,31194.8778056629
"SM_GP2-4_19","Cu",2.5,32709.2128172267
"SM_GP2-4_19","Cu",2.6,34297.0602349468
"SM_GP2-4_19","Cu",2.7,35961.9886706679
"SM_GP2-4_19","Cu",2.8,37707.7399721705
"SM_GP2-4_19","Cu",2.9,39538.2376327972
"SM_GP2-4_19","Cu",3,41457.5956093174
"SM_GP2-4_19","Cu",3.1,43470.1275678509
"SM_GP2-4_19","Cu",3.2,45580.3565786275
"SM_GP2-4_19","Cu",3.3,47793.0252813735
"SM_GP2-4_19","Cu",3.4,50113.1065441697
"SM_GP2-4_19","Cu",3.5,52545.8146397368
"SM_GP2-4_19","Cu",3.6,55096.6169642661
"SM_GP2-4_19","Cu",3.7,57771.2463251339
"SM_GP2-4_19","Cu",3.8,60575.7138251138
"SM_GP2-4_19","Cu",3.9,63516.322372046
"SM_GP2-4_19","Cu",4,66599.6808443237
"SM_GP2-4_19","Cu",4.1,69832.7189440346
"SM_GP2-4_19","Cu",4.2,73222.7027711373
"SM_GP2-4_19","Cu",4.3,76777.2511536776
"SM_GP2-4_19","Cu",4.4,80504.3527707429
"SM_GP2-4_19","Cu",4.5,84412.3841066402
"SM_GP2-4_19","Cu",4.6,88510.1282766478
"SM_GP2-4_19","Cu",4.7,92806.7947666508
"SM_GP2-4_19","Cu",4.8,97312.040131024
"SM_GP2-4_19","Cu",4.9,102035.989695281
"SM_GP2-4_19","Cu",5,106989.260312263
"SM_GP2-4_19","Cu",5.1,112182.984223012
"SM_GP2-4_19","Cu",5.2,117628.834075957
"SM_GP2-4_19","Cu",5.3,123339.049160637
"SM_GP2-4_19","Cu",5.4,129326.462914924
"SM_GP2-4_19","Cu",5.5,135604.531767569
"SM_GP2-4_19","Cu",5.6,142187.365380883
"SM_GP2-4_19","Cu",5.7,149089.75836154
"SM_GP2-4_19","Cu",5.8,156327.223510754
"SM_GP2-4_19","Cu",5.9,163916.02668856
"SM_GP2-4_19","Cu",6,171873.22337057
"SM_GP2-4_19","Cu",6.1,180216.69697934
"SM_GP2-4_19","Cu",6.2,188965.199076523
"SM_GP2-4_19","Cu",6.3,198138.391506107
"SM_GP2-4_19","Cu",6.4,207756.890583483
"SM_GP2-4_19","Cu",6.5,217842.313429636
"SM_GP2-4_19","Cu",6.6,228417.3265546
"SM_GP2-4_19","Cu",6.7,239505.696799367
"SM_GP2-4_19","Cu",6.8,251132.344750731
"SM_GP2-4_19","Cu",6.9,263323.400749132
"SM_GP2-4_19","Cu",7,276106.263615358
"SM_GP2-4_19","Cu",7.1,289509.662228091
"SM_GP2-4_19","Cu",7.2,303563.720090706
"SM_GP2-4_19","Cu",7.3,318300.023032417
"SM_GP2-4_19","Cu",7.4,333751.690195929
"SM_GP2-4_19","Cu",7.5,349953.448471146
"SM_GP2-4_19","Cu",7.6,366941.710542208
"SM_GP2-4_19","Cu",7.7,384754.656723272
"SM_GP2-4_19","Cu",7.8,403432.320766966
"SM_GP2-4_19","Cu",7.9,423016.679838344
"SM_GP2-4_19","Cu",8,443551.748856578
"SM_GP2-4_19","Cu",8.1,465083.679416406
"SM_GP2-4_19","Cu",8.2,487660.863511653
"SM_GP2-4_19","Cu",8.3,511334.042293942
"SM_GP2-4_19","Cu",8.4,536156.420111032
"SM_GP2-4_19","Cu",8.5,562183.78408107
"SM_GP2-4_19","Cu",8.6,589474.629471489
"SM_GP2-4_19","Cu",8.7,618090.29116436
"SM_GP2-4_19","Cu",8.8,648095.081503622
"SM_GP2-4_19","Cu",8.9,679556.434834041
"SM_GP2-4_19","Cu",9,712545.059056696
"SM_GP2-4_19","Cu",9.1,747135.094541639
"SM_GP2-4_19","Cu",9.2,783404.280754865
"SM_GP2-4_19","Cu",9.3,821434.130974078
"SM_GP2-4_19","Cu",9.4,861310.115485924
"SM_GP2-4_19","Cu",9.5,903121.853676403
"SM_GP2-4_19","Cu",9.6,946963.315446203
"SM_GP2-4_19","Cu",9.7,992933.032403593
"SM_GP2-4_19","Cu",9.8,1041134.31930955
"SM_GP2-4_19","Cu",9.9,1091675.50627278
"SM_GP2-4_19","Cu",10,1144670.18221651
"SM_GP2-4_20","Cu",0,10000
"SM_GP2-4_20","Cu",0.1,11002.6977966303
"SM_GP2-4_20","Cu",0.2,12105.9358803974
"SM_GP2-4_20","Cu",0.3,13319.7954037396
"SM_GP2-4_20","Cu",0.4,14655.3683540292
"SM_GP2-4_20","Cu",0.5,16124.8589097683
"SM_GP2-4_20","Cu",0.6,17741.6949597482
"SM_GP2-4_20","Cu",0.7,19520.6508042108
"SM_GP2-4_20","Cu",0.8,21477.982159228
"SM_GP2-4_20","Cu",0.9,23631.5746979403
"SM_GP2-4_20","Cu",1,26001.1074859933
"SM_GP2-4_20","Cu",1.1,28608.2328046086
"SM_GP2-4_20","Cu",1.2,31476.7740044754
"SM_GP2-4_20","Cu",1.3,34632.9431984072
"SM_GP2-4_20","Cu",1.4,38105.5807819937
"SM_GP2-4_20","Cu",1.5,41926.4189709361
"SM_GP2-4_20","Cu",1.6,46130.3717632118
"SM_GP2-4_20","Cu",1.7,50755.8539756827
"SM_GP2-4_20","Cu",1.8,55845.1322704334
"SM_GP2-4_20","Cu",1.9,61444.7113784426
"SM_GP2-4_20","Cu",2,67605.7590498176
"SM_GP2-4_20","Cu",2.1,74384.5736136947
"SM_GP2-4_20","Cu",2.2,81843.0984202684
"SM_GP2-4_20","Cu",2.3,90049.4878658085
"SM_GP2-4_20","Cu",2.4,99078.7301728819
"SM_GP2-4_20","Cu",2.5,109013.33261661
"SM_GP2-4_20","Cu",2.6,119944.07545841
"SM_GP2-4_20","Cu",2.7,131970.841476511
"SM_GP2-4_20","Cu",2.8,145203.528673305
"SM_GP2-4_20","Cu",2.9,159763.054499672
"SM_GP2-4_20","Cu",3,175782.460772647
"SM_GP2-4_20","Cu",3.1,193408.129382946
"SM_GP2-4_20","Cu",3.2,212801.119901213
"SM_GP2-4_20","Cu",3.3,234138.641305754
"SM_GP2-4_20","Cu",3.4,257615.671280083
"SM_GP2-4_20","Cu",3.5,283446.737877081
"SM_GP2-4_20","Cu",3.6,311867.87983022
"SM_GP2-4_20","Cu",3.7,343138.803424773
"SM_GP2-4_20","Cu",3.8,377545.255638011
"SM_GP2-4_20","Cu",3.9,415401.635233658
"SM_GP2-4_20","Cu",4,457053.865670199
"SM_GP2-4_20","Cu",4.1,502882.556075087
"SM_GP2-4_20","Cu",4.2,553306.479169117
"SM_GP2-4_20","Cu",4.3,608786.397921532
"SM_GP2-4_20","Cu",4.4,669829.275902975
"SM_GP2-4_20","Cu",4.5,736992.909809613
"SM_GP2-4_20","Cu",4.6,810891.02648944
"SM_GP2-4_20","Cu",4.7,892198.891046264
"SM_GP2-4_20","Cu",4.8,981659.477267075
"SM_GP2-4_20","Cu",4.9,1080090.25675677
"SM_GP2-4_20","Cu",5,1188390.66881796
"SM_GP2-4_20","Cu",5.1,1307550.33933394
"SM_GP2-4_20","Cu",5.2,1438658.12375727
"SM_GP2-4_20","Cu",5.3,1582912.05683684
"SM_GP2-4_20","Cu",5.4,1741630.30000183
"SM_GP2-4_20","Cu",5.5,1916263.18643747
"SM_GP2-4_20","Cu",5.6,2108406.47391793
"SM_GP2-4_20","Cu",5.7,2319815.92649779
"SM_GP2-4_20","Cu",5.8,2552423.35830652
"SM_GP2-4_20","Cu",5.9,2808354.28605069
"SM_GP2-4_20","Cu",6,3089947.35152872
"SM_GP2-4_20","Cu",6.1,3399775.69163687
"SM_GP2-4_20","Cu",6.2,3740670.45114103
"SM_GP2-4_20","Cu",6.3,4115746.65306895
"SM_GP2-4_20","Cu",6.4,4528431.66312103
"SM_GP2-4_20","Cu",6.5,4982496.50820127
"SM_GP2-4_20","Cu",6.6,5482090.33525043
"SM_GP2-4_20","Cu",6.7,6031778.32525882
"SM_GP2-4_20","Cu",6.8,6636583.40890877
"SM_GP2-4_20","Cu",6.9,7302032.16503538
"SM_GP2-4_20","Cu",7,8034205.32131584
"SM_GP2-4_20","Cu",7.1,8839793.31865174
"SM_GP2-4_20","Cu",7.2,9726157.44697968
"SM_GP2-4_20","Cu",7.3,10701397.1111563
"SM_GP2-4_20","Cu",7.4,11774423.8415785
"SM_GP2-4_20","Cu",7.5,12955042.7258327
"SM_GP2-4_20","Cu",7.6,14254042.0054771
"SM_GP2-4_20","Cu",7.7,15683291.6566739
"SM_GP2-4_20","Cu",7.8,17255851.8554797
"SM_GP2-4_20","Cu",7.9,18986092.3189265
"SM_GP2-4_20","Cu",8,20889823.6124072
"SM_GP2-4_20","Cu",8.1,22984441.6232229
"SM_GP2-4_20","Cu",8.2,25289086.5204613
"SM_GP2-4_20","Cu",8.3,27824817.6537472
"SM_GP2-4_20","Cu",8.4,30614805.9890525
"SM_GP2-4_20","Cu",8.5,33684545.8400012
"SM_GP2-4_20","Cu",8.6,37062087.8294274
"SM_GP2-4_20","Cu",8.7,40778295.2099361
"SM_GP2-4_20","Cu",8.8,44867125.8856703
"SM_GP2-4_20","Cu",8.9,49365942.71234
"SM_GP2-4_20","Cu",9,54315854.9109641
"SM_GP2-4_20","Cu",9.1,59762093.7150956
"SM_GP2-4_20","Cu",9.2,65754425.6841097
"SM_GP2-4_20","Cu",9.3,72347607.4593246
"SM_GP2-4_20","Cu",9.4,79601886.1184184
"SM_GP2-4_20","Cu",9.5,87583549.700274
"SM_GP2-4_20","Cu",9.6,96365532.9308266
"SM_GP2-4_20","Cu",9.7,106028083.684911
"SM_GP2-4_20","Cu",9.8,116659496.274091
"SM_GP2-4_20","Cu",9.9,128356918.261094
"SM_GP2-4_20","Cu",10,141227238.173359
"TB_GP2-4_11","Cu",0,10000
"TB_GP2-4_11","Cu",0.1,9722.46940476285
"TB_GP2-4_11","Cu",0.2,9452.64113265497
"TB_GP2-4_11","Cu",0.3,9190.30142064408
"TB_GP2-4_11","Cu",0.4,8935.24243827606
"TB_GP2-4_11","Cu",0.5,8687.26212302776
"TB_GP2-4_11","Cu",0.6,8446.16402022926
"TB_GP2-4_11","Cu",0.7,8211.75712742878
"TB_GP2-4_11","Cu",0.8,7983.85574307696
"TB_GP2-4_11","Cu",0.9,7762.27931941059
"TB_GP2-4_11","Cu",1,7546.85231941928
"TB_GP2-4_11","Cu",1.1,7337.40407778175
"TB_GP2-4_11","Cu",1.2,7133.76866566153
"TB_GP2-4_11","Cu",1.3,6935.78475925501
"TB_GP2-4_11","Cu",1.4,6743.29551198773
"TB_GP2-4_11","Cu",1.5,6556.14843025754
"TB_GP2-4_11","Cu",1.6,6374.19525262629
"TB_GP2-4_11","Cu",1.7,6197.29183236437
"TB_GP2-4_11","Cu",1.8,6025.29802325493
"TB_GP2-4_11","Cu",1.9,5858.07756856741
"TB_GP2-4_11","Cu",2,5695.49799311242
"TB_GP2-4_11","Cu",2.1,5537.43049829237
"TB_GP2-4_11","Cu",2.2,5383.74986006483
"TB_GP2-4_11","Cu",2.3,5234.33432973766
"TB_GP2-4_11","Cu",2.4,5089.06553751743
"TB_GP2-4_11","Cu",2.5,4947.82839873462
"TB_GP2-4_11","Cu",2.6,4810.51102267141
"TB_GP2-4_11","Cu",2.7,4677.00462391972
"TB_GP2-4_11","Cu",2.8,4547.20343619939
"TB_GP2-4_11","Cu",2.9,4421.00462856811
"TB_GP2-4_11","Cu",3,4298.30822395684
"TB_GP2-4_11","Cu",3.1,4179.01701996609
"TB_GP2-4_11","Cu",3.2,4063.03651186035
"TB_GP2-4_11","Cu",3.3,3950.27481769966
"TB_GP2-4_11","Cu",3.4,3840.64260554901
"TB_GP2-4_11","Cu",3.5,3734.0530227079
"TB_GP2-4_11","Cu",3.6,3630.42162690398
"TB_GP2-4_11","Cu",3.7,3529.66631939633
"TB_GP2-4_11","Cu",3.8,3431.70727993527
"TB_GP2-4_11","Cu",3.9,3336.46690352726
"TB_GP2-4_11","Cu",4,3243.86973895476
"TB_GP2-4_11","Cu",4.1,3153.84242900237
"TB_GP2-4_11","Cu",4.2,3066.31365234185
"TB_GP2-4_11","Cu",4.3,2981.21406703003
"TB_GP2-4_11","Cu",4.4,2898.47625557481
"TB_GP2-4_11","Cu",4.5,2818.03467152577
"TB_GP2-4_11","Cu",4.6,2739.82558754702
"TB_GP2-4_11","Cu",4.7,2663.78704493123
"TB_GP2-4_11","Cu",4.8,2589.85880451475
"TB_GP2-4_11","Cu",4.9,2517.98229895504
"TB_GP2-4_11","Cu",5,2448.10058633248
"TB_GP2-4_11","Cu",5.1,2380.15830503995
"TB_GP2-4_11","Cu",5.2,2314.10162992431
"TB_GP2-4_11","Cu",5.3,2249.8782296451
"TB_GP2-4_11","Cu",5.4,2187.43722521665
"TB_GP2-4_11","Cu",5.5,2126.72914970082
"TB_GP2-4_11","Cu",5.6,2067.70590901835
"TB_GP2-4_11","Cu",5.7,2010.32074384783
"TB_GP2-4_11","Cu",5.8,1954.52819258206
"TB_GP2-4_11","Cu",5.9,1900.28405531255
"TB_GP2-4_11","Cu",6,1847.5453588135
"TB_GP2-4_11","Cu",6.1,1796.27032249758
"TB_GP2-4_11","Cu",6.2,1746.41832531662
"TB_GP2-4_11","Cu",6.3,1697.94987358081
"TB_GP2-4_11","Cu",6.4,1650.82656967103
"TB_GP2-4_11","Cu",6.5,1605.01108161962
"TB_GP2-4_11","Cu",6.6,1560.46711353521
"TB_GP2-4_11","Cu",6.7,1517.15937684847
"TB_GP2-4_11","Cu",6.8,1475.05356235583
"TB_GP2-4_11","Cu",6.9,1434.1163130391
"TB_GP2-4_11","Cu",7,1394.3151976394
"TB_GP2-4_11","Cu",7.1,1355.61868496449
"TB_GP2-4_11","Cu",7.2,1317.99611890921
"TB_GP2-4_11","Cu",7.3,1281.4176941691
"TB_GP2-4_11","Cu",7.4,1245.85443262808
"TB_GP2-4_11","Cu",7.5,1211.27816040147
"TB_GP2-4_11","Cu",7.6,1177.66148551607
"TB_GP2-4_11","Cu",7.7,1144.97777620976
"TB_GP2-4_11","Cu",7.8,1113.20113983328
"TB_GP2-4_11","Cu",7.9,1082.30640233762
"TB_GP2-4_11","Cu",8,1052.26908833064
"TB_GP2-4_11","Cu",8.1,1023.06540168724
"TB_GP2-4_11","Cu",8.2,994.672206697559
"TB_GP2-4_11","Cu",8.3,967.067009738497
"TB_GP2-4_11","Cu",8.4,940.227941453803
"TB_GP2-4_11","Cu",8.5,914.133739428776
"TB_GP2-4_11","Cu",8.6,888.763731345773
"TB_GP2-4_11","Cu",8.7,864.097818607215
"TB_GP2-4_11","Cu",8.8,840.116460413096
"TB_GP2-4_11","Cu",8.9,816.800658280399
"TB_GP2-4_11","Cu",9,794.131940992134
"TB_GP2-4_11","Cu",9.1,772.092349964096
"TB_GP2-4_11","Cu",9.2,750.664425017737
"TB_GP2-4_11","Cu",9.3,729.831190547884
"TB_GP2-4_11","Cu",9.4,709.576142074346
"TB_GP2-4_11","Cu",9.5,689.883233166748
"TB_GP2-4_11","Cu",9.6,670.736862732258
"TB_GP2-4_11","Cu",9.7,652.1218626561
"TB_GP2-4_11","Cu",9.8,634.02348578509
"TB_GP2-4_11","Cu",9.9,616.427394244663
"TB_GP2-4_11","Cu",10,599.319648080142
"TB_GP2-4_13","Cu",0,10000
"TB_GP2-4_13","Cu",0.1,9945.25706206127
"TB_GP2-4_13","Cu",0.2,9890.81380304795
"TB_GP2-4_13","Cu",0.3,9836.66858242957
"TB_GP2-4_13","Cu",0.4,9782.81976865638
"TB_GP2-4_13","Cu",0.5,9729.26573911025
"TB_GP2-4_13","Cu",0.6,9676.00488005569
"TB_GP2-4_13","Cu",0.7,9623.03558659131
"TB_GP2-4_13","Cu",0.8,9570.35626260141
"TB_GP2-4_13","Cu",0.9,9517.9653207079
"TB_GP2-4_13","Cu",1,9465.86118222244
"TB_GP2-4_13","Cu",1.1,9414.04227709894
"TB_GP2-4_13","Cu",1.2,9362.50704388615
"TB_GP2-4_13","Cu",1.3,9311.25392968071
"TB_GP2-4_13","Cu",1.4,9260.28139008028
"TB_GP2-4_13","Cu",1.5,9209.58788913704
"TB_GP2-4_13","Cu",1.6,9159.17189931141
"TB_GP2-4_13","Cu",1.7,9109.03190142599
"TB_GP2-4_13","Cu",1.8,9059.16638461982
"TB_GP2-4_13","Cu",1.9,9009.57384630283
"TB_GP2-4_13","Cu",2,8960.25279211057
"TB_GP2-4_13","Cu",2.1,8911.20173585918
"TB_GP2-4_13","Cu",2.2,8862.41919950061
"TB_GP2-4_13","Cu",2.3,8813.90371307808
"TB_GP2-4_13","Cu",2.4,8765.65381468178
"TB_GP2-4_13","Cu",2.5,8717.66805040483
"TB_GP2-4_13","Cu",2.6,8669.94497429945
"TB_GP2-4_13","Cu",2.7,8622.48314833341
"TB_GP2-4_13","Cu",2.8,8575.28114234672
"TB_GP2-4_13","Cu",2.9,8528.33753400845
"TB_GP2-4_13","Cu",3,8481.65090877397
"TB_GP2-4_13","Cu",3.1,8435.21985984227
"TB_GP2-4_13","Cu",3.2,8389.04298811357
"TB_GP2-4_13","Cu",3.3,8343.11890214721
"TB_GP2-4_13","Cu",3.4,8297.44621811964
"TB_GP2-4_13","Cu",3.5,8252.02355978278
"TB_GP2-4_13","Cu",3.6,8206.84955842257
"TB_GP2-4_13","Cu",3.7,8161.92285281764
"TB_GP2-4_13","Cu",3.8,8117.24208919839
"TB_GP2-4_13","Cu",3.9,8072.80592120612
"TB_GP2-4_13","Cu",4,8028.61300985252
"TB_GP2-4_13","Cu",4.1,7984.66202347927
"TB_GP2-4_13","Cu",4.2,7940.95163771797
"TB_GP2-4_13","Cu",4.3,7897.48053545016
"TB_GP2-4_13","Cu",4.4,7854.24740676771
"TB_GP2-4_13","Cu",4.5,7811.25094893329
"TB_GP2-4_13","Cu",4.6,7768.48986634116
"TB_GP2-4_13","Cu",4.7,7725.96287047808
"TB_GP2-4_13","Cu",4.8,7683.66867988452
"TB_GP2-4_13","Cu",4.9,7641.60602011605
"TB_GP2-4_13","Cu",5,7599.77362370491
"TB_GP2-4_13","Cu",5.1,7558.17023012182
"TB_GP2-4_13","Cu",5.2,7516.79458573802
"TB_GP2-4_13","Cu",5.3,7475.6454437875
"TB_GP2-4_13","Cu",5.4,7434.72156432937
"TB_GP2-4_13","Cu",5.5,7394.02171421059
"TB_GP2-4_13","Cu",5.6,7353.54466702872
"TB_GP2-4_13","Cu",5.7,7313.28920309503
"TB_GP2-4_13","Cu",5.8,7273.25410939773
"TB_GP2-4_13","Cu",5.9,7233.43817956539
"TB_GP2-4_13","Cu",6,7193.84021383063
"TB_GP2-4_13","Cu",6.1,7154.45901899394
"TB_GP2-4_13","Cu",6.2,7115.29340838774
"TB_GP2-4_13","Cu",6.3,7076.34220184061
"TB_GP2-4_13","Cu",6.4,7037.60422564175
"TB_GP2-4_13","Cu",6.5,6999.07831250558
"TB_GP2-4_13","Cu",6.6,6960.7633015366
"TB_GP2-4_13","Cu",6.7,6922.65803819438
"TB_GP2-4_13","Cu",6.8,6884.76137425878
"TB_GP2-4_13","Cu",6.9,6847.07216779538
"TB_GP2-4_13","Cu",7,6809.58928312101
"TB_GP2-4_13","Cu",7.1,6772.3115907696
"TB_GP2-4_13","Cu",7.2,6735.23796745807
"TB_GP2-4_13","Cu",7.3,6698.36729605256
"TB_GP2-4_13","Cu",7.4,6661.69846553469
"TB_GP2-4_13","Cu",7.5,6625.23037096816
"TB_GP2-4_13","Cu",7.6,6588.96191346539
"TB_GP2-4_13","Cu",7.7,6552.89200015443
"TB_GP2-4_13","Cu",7.8,6517.01954414607
"TB_GP2-4_13","Cu",7.9,6481.34346450099
"TB_GP2-4_13","Cu",8,6445.86268619732
"TB_GP2-4_13","Cu",8.1,6410.57614009811
"TB_GP2-4_13","Cu",8.2,6375.48276291921
"TB_GP2-4_13","Cu",8.3,6340.58149719722
"TB_GP2-4_13","Cu",8.4,6305.87129125756
"TB_GP2-4_13","Cu",8.5,6271.35109918287
"TB_GP2-4_13","Cu",8.6,6237.01988078141
"TB_GP2-4_13","Cu",8.7,6202.87660155578
"TB_GP2-4_13","Cu",8.8,6168.92023267172
"TB_GP2-4_13","Cu",8.9,6135.14975092711
"TB_GP2-4_13","Cu",9,6101.56413872113
"TB_GP2-4_13","Cu",9.1,6068.1623840236
"TB_GP2-4_13","Cu",9.2,6034.94348034453
"TB_GP2-4_13","Cu",9.3,6001.9064267037
"TB_GP2-4_13","Cu",9.4,5969.05022760059
"TB_GP2-4_13","Cu",9.5,5936.37389298432
"TB_GP2-4_13","Cu",9.6,5903.87643822384
"TB_GP2-4_13","Cu",9.7,5871.55688407828
"TB_GP2-4_13","Cu",9.8,5839.41425666739
"TB_GP2-4_13","Cu",9.9,5807.44758744226
"TB_GP2-4_13","Cu",10,5775.65591315608
"TB_GP2-4_16","Cu",0,10000
"TB_GP2-4_16","Cu",0.1,10323.3481862645
"TB_GP2-4_16","Cu",0.2,10657.151777485
"TB_GP2-4_16","Cu",0.3,11001.7488472844
"TB_GP2-4_16","Cu",0.4,11357.4884008351
"TB_GP2-4_16","Cu",0.5,11724.730728328
"TB_GP2-4_16","Cu",0.6,12103.8477698724
"TB_GP2-4_16","Cu",0.7,12495.2234921934
"TB_GP2-4_16","Cu",0.8,12899.2542775104
"TB_GP2-4_16","Cu",0.9,13316.3493249901
"TB_GP2-4_16","Cu",1,13746.93106518
"TB_GP2-4_16","Cu",1.1,14191.4355878428
"TB_GP2-4_16","Cu",1.2,14650.3130836246
"TB_GP2-4_16","Cu",1.3,15124.0283000043
"TB_GP2-4_16","Cu",1.4,15613.0610119861
"TB_GP2-4_16","Cu",1.5,16117.9065080123
"TB_GP2-4_16","Cu",1.6,16639.0760915869
"TB_GP2-4_16","Cu",1.7,17177.09759912
"TB_GP2-4_16","Cu",1.8,17732.5159345163
"TB_GP2-4_16","Cu",1.9,18305.8936210494
"TB_GP2-4_16","Cu",2,18897.8113710811
"TB_GP2-4_16","Cu",2.1,19508.8686742018
"TB_GP2-4_16","Cu",2.2,20139.6844043892
"TB_GP2-4_16","Cu",2.3,20790.897446799
"TB_GP2-4_16","Cu",2.4,21463.1673448223
"TB_GP2-4_16","Cu",2.5,22157.1749680662
"TB_GP2-4_16","Cu",2.6,22873.623201933
"TB_GP2-4_16","Cu",2.7,23613.2376594971
"TB_GP2-4_16","Cu",2.8,24376.7674164001
"TB_GP2-4_16","Cu",2.9,25164.9857695085
"TB_GP2-4_16","Cu",3,25978.6910201026
"TB_GP2-4_16","Cu",3.1,26818.7072823901
"TB_GP2-4_16","Cu",3.2,27685.8853181619
"TB_GP2-4_16","Cu",3.3,28581.1033984373
"TB_GP2-4_16","Cu",3.4,29505.2681929694
"TB_GP2-4_16","Cu",3.5,30459.3156885137
"TB_GP2-4_16","Cu",3.6,31444.2121367874
"TB_GP2-4_16","Cu",3.7,32460.9550330819
"TB_GP2-4_16","Cu",3.8,33510.5741265179
"TB_GP2-4_16","Cu",3.9,34594.1324629669
"TB_GP2-4_16","Cu",4,35712.7274616961
"TB_GP2-4_16","Cu",4.1,36867.4920268258
"TB_GP2-4_16","Cu",4.2,38059.5956947251
"TB_GP2-4_16","Cu",4.3,39290.2458185099
"TB_GP2-4_16","Cu",4.4,40560.6887908398
"TB_GP2-4_16","Cu",4.5,41872.2113062553
"TB_GP2-4_16","Cu",4.6,43226.1416643313
"TB_GP2-4_16","Cu",4.7,44623.8511149685
"TB_GP2-4_16","Cu",4.8,46066.7552471845
"TB_GP2-4_16","Cu",4.9,47556.3154228111
"TB_GP2-4_16","Cu",5,49094.0402565497
"TB_GP2-4_16","Cu",5.1,50681.4871438847
"TB_GP2-4_16","Cu",5.2,52320.2638384007
"TB_GP2-4_16","Cu",5.3,54012.0300801032
"TB_GP2-4_16","Cu",5.4,55758.4992763894
"TB_GP2-4_16","Cu",5.5,57561.4402373743
"TB_GP2-4_16","Cu",5.6,59422.6789673267
"TB_GP2-4_16","Cu",5.7,61344.1005140328
"TB_GP2-4_16","Cu",5.8,63327.6508779565
"TB_GP2-4_16","Cu",5.9,65375.338983134
"TB_GP2-4_16","Cu",6,67489.238711796
"TB_GP2-4_16","Cu",6.1,69671.4910047789
"TB_GP2-4_16","Cu",6.2,71924.3060298524
"TB_GP2-4_16","Cu",6.3,74249.9654201607
"TB_GP2-4_16","Cu",6.4,76650.8245850414
"TB_GP2-4_16","Cu",6.5,79129.3150955662
"TB_GP2-4_16","Cu",6.6,81687.9471472162
"TB_GP2-4_16","Cu",6.7,84329.3121021881
"TB_GP2-4_16","Cu",6.8,87056.0851139053
"TB_GP2-4_16","Cu",6.9,89871.0278363918
"TB_GP2-4_16","Cu",7,92776.9912212537
"TB_GP2-4_16","Cu",7.1,95776.9184051003
"TB_GP2-4_16","Cu",7.2,98873.8476903291
"TB_GP2-4_16","Cu",7.3,102070.915622295
"TB_GP2-4_16","Cu",7.4,105371.360165977
"TB_GP2-4_16","Cu",7.5,108778.523985366
"TB_GP2-4_16","Cu",7.6,112295.857828885
"TB_GP2-4_16","Cu",7.7,115926.924024283
"TB_GP2-4_16","Cu",7.8,119675.40008653
"TB_GP2-4_16","Cu",7.9,123545.082442375
"TB_GP2-4_16","Cu",8,127539.890275338
"TB_GP2-4_16","Cu",8.1,131663.869495028
"TB_GP2-4_16","Cu",8.2,135921.196834806
"TB_GP2-4_16","Cu",8.3,140316.184081949
"TB_GP2-4_16","Cu",8.4,144853.282444594
"TB_GP2-4_16","Cu",8.5,149537.087059885
"TB_GP2-4_16","Cu",8.6,154372.341647893
"TB_GP2-4_16","Cu",8.7,159363.943316018
"TB_GP2-4_16","Cu",8.8,164516.947518736
"TB_GP2-4_16","Cu",8.9,169836.573177731
"TB_GP2-4_16","Cu",9,175328.20796757
"TB_GP2-4_16","Cu",9.1,180997.413772301
"TB_GP2-4_16","Cu",9.2,186849.932318484
"TB_GP2-4_16","Cu",9.3,192891.690990366
"TB_GP2-4_16","Cu",9.4,199128.808833088
"TB_GP2-4_16","Cu",9.5,205567.602750006
"TB_GP2-4_16","Cu",9.6,212214.5939004
"TB_GP2-4_16","Cu",9.7,219076.514304055
"TB_GP2-4_16","Cu",9.8,226160.31365939
"TB_GP2-4_16","Cu",9.9,233473.166382066
"TB_GP2-4_16","Cu",10,241022.478871172
"TB_GP2-4_9","Cu",0,10000
"TB_GP2-4_9","Cu",0.1,10515.5777479994
"TB_GP2-4_9","Cu",0.2,11057.737537422
"TB_GP2-4_9","Cu",0.3,11627.8498791732
"TB_GP2-4_9","Cu",0.4,12227.3559446511
"TB_GP2-4_9","Cu",0.5,12857.7712088441
"TB_GP2-4_9","Cu",0.6,13520.6892812589
"TB_GP2-4_9","Cu",0.7,14217.7859343619
"TB_GP2-4_9","Cu",0.8,14950.8233397195
"TB_GP2-4_9","Cu",0.9,15721.6545225424
"TB_GP2-4_9","Cu",1,16532.2280458981
"TB_GP2-4_9","Cu",1.1,17384.5929364297
"TB_GP2-4_9","Cu",1.2,18280.9038640348
"TB_GP2-4_9","Cu",1.3,19223.426588596
"TB_GP2-4_9","Cu",1.4,20214.543687534
"TB_GP2-4_9","Cu",1.5,21256.7605786594
"TB_GP2-4_9","Cu",1.6,22352.7118535501
"TB_GP2-4_9","Cu",1.7,23505.1679374634
"TB_GP2-4_9","Cu",1.8,24717.0420926179
"TB_GP2-4_9","Cu",1.9,25991.3977825497
"TB_GP2-4_9","Cu",2,27331.456416158
"TB_GP2-4_9","Cu",2.1,28740.6054910166
"TB_GP2-4_9","Cu",2.2,30222.4071565363
"TB_GP2-4_9","Cu",2.3,31780.6072186251
"TB_GP2-4_9","Cu",2.4,33419.1446086082
"TB_GP2-4_9","Cu",2.5,35142.1613403454
"TB_GP2-4_9","Cu",2.6,36954.0129807141
"TB_GP2-4_9","Cu",2.7,38859.2796599277
"TB_GP2-4_9","Cu",2.8,40862.7776495221
"TB_GP2-4_9","Cu",2.9,42969.5715372762
"TB_GP2-4_9","Cu",3,45184.9870298449
"TB_GP2-4_9","Cu",3.1,47514.6244154678
"TB_GP2-4_9","Cu",3.2,49964.3727207841
"TB_GP2-4_9","Cu",3.3,52540.4245975425
"TB_GP2-4_9","Cu",3.4,55249.2919768357
"TB_GP2-4_9","Cu",3.5,58097.8225304335
"TB_GP2-4_9","Cu",3.6,61093.2169808244
"TB_GP2-4_9","Cu",3.7,64243.0473037255
"TB_GP2-4_9","Cu",3.8,67555.2758690728
"TB_GP2-4_9","Cu",3.9,71038.2755688782
"TB_GP2-4_9","Cu",4,74700.8509828344
"TB_GP2-4_9","Cu",4.1,78552.2606351711
"TB_GP2-4_9","Cu",4.2,82602.2403990254
"TB_GP2-4_9","Cu",4.3,86861.0281074887
"TB_GP2-4_9","Cu",4.4,91339.3894335457
"TB_GP2-4_9","Cu",4.5,96048.6451043243
"TB_GP2-4_9","Cu",4.6,101000.699518452
"TB_GP2-4_9","Cu",4.7,106208.070838861
"TB_GP2-4_9","Cu",4.8,111683.922637107
"TB_GP2-4_9","Cu",4.9,117442.097169205
"TB_GP2-4_9","Cu",5,123497.150367087
"TB_GP2-4_9","Cu",5.1,129864.388634147
"TB_GP2-4_9","Cu",5.2,136559.907537878
"TB_GP2-4_9","Cu",5.3,143600.632497417
"TB_GP2-4_9","Cu",5.4,151004.361568847
"TB_GP2-4_9","Cu",5.5,158789.810436422
"TB_GP2-4_9","Cu",5.6,166976.659723428
"TB_GP2-4_9","Cu",5.7,175585.604742295
"TB_GP2-4_9","Cu",5.8,184638.407809709
"TB_GP2-4_9","Cu",5.9,194157.953258981
"TB_GP2-4_9","Cu",6,204168.305288725
"TB_GP2-4_9","Cu",6.1,214694.768794086
"TB_GP2-4_9","Cu",6.2,225763.953334297
"TB_GP2-4_9","Cu",6.3,237403.84039825
"TB_GP2-4_9","Cu",6.4,249643.854138144
"TB_GP2-4_9","Cu",6.5,262514.935749987
"TB_GP2-4_9","Cu",6.6,276049.621689005
"TB_GP2-4_9","Cu",6.7,290282.125917655
"TB_GP2-4_9","Cu",6.8,305248.426394165
"TB_GP2-4_9","Cu",6.9,320986.356020231
"TB_GP2-4_9","Cu",7,337535.698277775
"TB_GP2-4_9","Cu",7.1,354938.28779652
"TB_GP2-4_9","Cu",7.2,373238.116106609
"TB_GP2-4_9","Cu",7.3,392481.442843587
"TB_GP2-4_9","Cu",7.4,412716.912686871
"TB_GP2-4_9","Cu",7.5,433995.678327307
"TB_GP2-4_9","Cu",7.6,456371.529774653
"TB_GP2-4_9","Cu",7.7,479901.030331878
"TB_GP2-4_9","Cu",7.8,504643.659579987
"TB_GP2-4_9","Cu",7.9,530661.963734829
"TB_GP2-4_9","Cu",8,558021.713755962
"TB_GP2-4_9","Cu",8.1,586792.071607268
"TB_GP2-4_9","Cu",8.2,617045.765089585
"TB_GP2-4_9","Cu",8.3,648859.27168733
"TB_GP2-4_9","Cu",8.4,682313.011893838
"TB_GP2-4_9","Cu",8.5,717491.552504128
"TB_GP2-4_9","Cu",8.6,754483.820388993
"TB_GP2-4_9","Cu",8.7,793383.327290807
"TB_GP2-4_9","Cu",8.8,834288.406209292
"TB_GP2-4_9","Cu",8.9,877302.45997483
"TB_GP2-4_9","Cu",9,922534.222637644
"TB_GP2-4_9","Cu",9.1,970098.034333632
"TB_GP2-4_9","Cu",9.2,1020114.13032167
"TB_GP2-4_9","Cu",9.3,1072708.94492303
"TB_GP2-4_9","Cu",9.4,1128015.43113125
"TB_GP2-4_9","Cu",9.5,1186173.39670037
"TB_GP2-4_9","Cu",9.6,1247329.85756113
"TB_GP2-4_9","Cu",9.7,1311639.4094585
"TB_GP2-4_9","Cu",9.8,1379264.61875009
"TB_GP2-4_9","Cu",9.9,1450376.43335313
"TB_GP2-4_9","Cu",10,1525154.61487909
